商品ID,标题,价格,销量,店铺,链接
1031413574012,Apple苹果 iPhone17国行版全网通5G直播手机苹果16拍照性价比手机,,,,https://item.taobao.com/item.htm?id=1031413574012&xxc=home_recommend&scm=1007.40986.467924.0&pvid=c29efe5b-69bd-49ec-a3f9-3061bf3f16bb&skuId=6045434780815&mi_id=0000NdTO-mw6DdipkkLx3Mz9f94UNaDIyqgd0EKkI61_7H8&utparam=%7B%22item_ctr%22%3A0.3238847851753235%2C%22x_object_type%22%3A%22item%22%2C%22matchType%22%3A%22nann_base%22%2C%22item_price%22%3A%223100%22%2C%22item_cvr%22%3A0.000012706100278592203%2C%22umpCalled%22%3Atrue%2C%22pc_ctr%22%3A0.09106115996837616%2C%22pc_scene%22%3A%2220001%22%2C%22userId%22%3A12808293%2C%22ab_info%22%3A%2230986%23467924%230_30986%23528214%2358507_30986%23527807%2358418_30986%23537217%2360408_30986%23521582%2357267_30986%23526067%2358189_30986%23533297%2359487_30986%23528944%2357910_30986%23530923%2359037_30986%23532805%2359017_30986%23528109%2358485_30986%23545019%2362063_30986%23537488%2360469_30986%23546628%2362403_30986%23537987%2360586_30986%23547837%2362654_30986%23538037%2360595%22%2C%22tpp_buckets%22%3A%2230986%23467924%230_30986%23528214%2358507_30986%23527807%2358418_30986%23537217%2360408_30986%23521582%2357267_30986%23526067%2358189_30986%23533297%2359487_30986%23528944%2357910_30986%23530923%2359037_30986%23532805%2359017_30986%23528109%2358485_30986%23545019%2362063_30986%23537488%2360469_30986%23546628%2362403_30986%23537987%2360586_30986%23547837%2362654_30986%23538037%2360595%22%2C%22aplus_abtest%22%3A%22e33964fd8f2ff23bb26c29b6008d7c7f%22%2C%22isLogin%22%3Atrue%2C%22abid%22%3A%22528214_527807_537217_521582_526067_533297_528944_530923_532805_528109_545019_537488_546628_537987_547837_538037%22%2C%22pc_pvid%22%3A%22c29efe5b-69bd-49ec-a3f9-3061bf3f16bb%22%2C%22isWeekLogin%22%3Afalse%2C%22pc_alg_score%22%3A0.273273526225838%2C%22rn%22%3A0%2C%22item_ecpm%22%3A0%2C%22ump_price%22%3A%223100%22%2C%22isXClose%22%3Afalse%2C%22x_object_id%22%3A1031413574012%7D
991656543455,无聊了微观世界放大镜60倍,,,,https://item.taobao.com/item.htm?id=991656543455&xxc=home_recommend&scm=1007.40986.467924.0&pvid=c29efe5b-69bd-49ec-a3f9-3061bf3f16bb&skuId=5965543032163&mi_id=0000PjgsiDWm9qdcBp5Qlw-FVNp15kKCmViTyf1E32bppfY&utparam=%7B%22item_ctr%22%3A0.10097610950469971%2C%22x_object_type%22%3A%22item%22%2C%22matchType%22%3A%22disc_dm_interest%22%2C%22item_price%22%3A%225.43%22%2C%22item_cvr%22%3A0.005040684714913368%2C%22umpCalled%22%3Atrue%2C%22pc_ctr%22%3A0.05565456673502922%2C%22pc_scene%22%3A%2220001%22%2C%22userId%22%3A12808293%2C%22ab_info%22%3A%2230986%23467924%230_30986%23528214%2358507_30986%23527807%2358418_30986%23537217%2360408_30986%23521582%2357267_30986%23526067%2358189_30986%23533297%2359487_30986%23528944%2357910_30986%23530923%2359037_30986%23532805%2359017_30986%23528109%2358485_30986%23545019%2362063_30986%23537488%2360469_30986%23546628%2362403_30986%23537987%2360586_30986%23547837%2362654_30986%23538037%2360595%22%2C%22tpp_buckets%22%3A%2230986%23467924%230_30986%23528214%2358507_30986%23527807%2358418_30986%23537217%2360408_30986%23521582%2357267_30986%23526067%2358189_30986%23533297%2359487_30986%23528944%2357910_30986%23530923%2359037_30986%23532805%2359017_30986%23528109%2358485_30986%23545019%2362063_30986%23537488%2360469_30986%23546628%2362403_30986%23537987%2360586_30986%23547837%2362654_30986%23538037%2360595%22%2C%22aplus_abtest%22%3A%2225eeb6d8a19a1baeb0ff364300c8b8e6%22%2C%22isLogin%22%3Atrue%2C%22abid%22%3A%22528214_527807_537217_521582_526067_533297_528944_530923_532805_528109_545019_537488_546628_537987_547837_538037%22%2C%22pc_pvid%22%3A%22c29efe5b-69bd-49ec-a3f9-3061bf3f16bb%22%2C%22isWeekLogin%22%3Afalse%2C%22pc_alg_score%22%3A0.2059479618214%2C%22rn%22%3A1%2C%22item_ecpm%22%3A0%2C%22ump_price%22%3A%225.43%22%2C%22isXClose%22%3Afalse%2C%22x_object_id%22%3A991656543455%7D&
903156537062,【100%纯棉】杉杉短袖T恤男2026夏季新款基础百搭纯色翻领POLO衫,,,,https://item.taobao.com/item.htm?id=903156537062&xxc=home_recommend&scm=1007.40986.467924.0&pvid=c29efe5b-69bd-49ec-a3f9-3061bf3f16bb&skuId=5928847223618&mi_id=0000yBxxK73bpgIqFpJg5r8v8Wc31rbislOng0IkjmjCKEs&utparam=%7B%22item_ctr%22%3A0.07209625840187073%2C%22x_object_type%22%3A%22item%22%2C%22matchType%22%3A%22pool_dm%22%2C%22item_price%22%3A%2272.82%22%2C%22item_cvr%22%3A0.005179691594094038%2C%22umpCalled%22%3Atrue%2C%22pc_ctr%22%3A0.05093535780906677%2C%22pc_scene%22%3A%2220001%22%2C%22userId%22%3A12808293%2C%22ab_info%22%3A%2230986%23467924%230_30986%23528214%2358507_30986%23527807%2358418_30986%23537217%2360408_30986%23521582%2357267_30986%23526067%2358189_30986%23533297%2359487_30986%23528944%2357910_30986%23530923%2359037_30986%23532805%2359017_30986%23528109%2358485_30986%23545019%2362063_30986%23537488%2360469_30986%23546628%2362403_30986%23537987%2360586_30986%23547837%2362654_30986%23538037%2360595%22%2C%22tpp_buckets%22%3A%2230986%23467924%230_30986%23528214%2358507_30986%23527807%2358418_30986%23537217%2360408_30986%23521582%2357267_30986%23526067%2358189_30986%23533297%2359487_30986%23528944%2357910_30986%23530923%2359037_30986%23532805%2359017_30986%23528109%2358485_30986%23545019%2362063_30986%23537488%2360469_30986%23546628%2362403_30986%23537987%2360586_30986%23547837%2362654_30986%23538037%2360595%22%2C%22aplus_abtest%22%3A%22c82451506009693be1a0281422b731db%22%2C%22isLogin%22%3Atrue%2C%22abid%22%3A%22528214_527807_537217_521582_526067_533297_528944_530923_532805_528109_545019_537488_546628_537987_547837_538037%22%2C%22pc_pvid%22%3A%22c29efe5b-69bd-49ec-a3f9-3061bf3f16bb%22%2C%22isWeekLogin%22%3Afalse%2C%22pc_alg_score%22%3A0.187470284248%2C%22rn%22%3A3%2C%22item_ecpm%22%3A0%2C%22ump_price%22%3A%2272.82%22%2C%22isXClose%22%3Afalse%2C%22x_object_id%22%3A903156537062%7D&
627837896555,阿迪达斯pureboost男女运动缓震,,,,https://item.taobao.com/item.htm?id=627837896555&xxc=home_recommend&scm=1007.40986.467924.0&pvid=c29efe5b-69bd-49ec-a3f9-3061bf3f16bb&skuId=4907568261317&mi_id=0000XN-HGZ0Z-pGIzmerSkBI303kbiUIjoLa1_TplTrN3kE&utparam=%7B%22item_ctr%22%3A0.2910025715827942%2C%22x_object_type%22%3A%22item%22%2C%22matchType%22%3A%22nann_base%22%2C%22item_price%22%3A%22261.58%22%2C%22item_cvr%22%3A0.0008693637209944427%2C%22umpCalled%22%3Atrue%2C%22pc_ctr%22%3A0.056207627058029175%2C%22pc_scene%22%3A%2220001%22%2C%22userId%22%3A12808293%2C%22ab_info%22%3A%2230986%23467924%230_30986%23528214%2358507_30986%23527807%2358418_30986%23537217%2360408_30986%23521582%2357267_30986%23526067%2358189_30986%23533297%2359487_30986%23528944%2357910_30986%23530923%2359037_30986%23532805%2359017_30986%23528109%2358485_30986%23545019%2362063_30986%23537488%2360469_30986%23546628%2362403_30986%23537987%2360586_30986%23547837%2362654_30986%23538037%2360595%22%2C%22tpp_buckets%22%3A%2230986%23467924%230_30986%23528214%2358507_30986%23527807%2358418_30986%23537217%2360408_30986%23521582%2357267_30986%23526067%2358189_30986%23533297%2359487_30986%23528944%2357910_30986%23530923%2359037_30986%23532805%2359017_30986%23528109%2358485_30986%23545019%2362063_30986%23537488%2360469_30986%23546628%2362403_30986%23537987%2360586_30986%23547837%2362654_30986%23538037%2360595%22%2C%22aplus_abtest%22%3A%22d339db511eb778a72a83788723db7f4b%22%2C%22isLogin%22%3Atrue%2C%22abid%22%3A%22528214_527807_537217_521582_526067_533297_528944_530923_532805_528109_545019_537488_546628_537987_547837_538037%22%2C%22pc_pvid%22%3A%22c29efe5b-69bd-49ec-a3f9-3061bf3f16bb%22%2C%22isWeekLogin%22%3Afalse%2C%22pc_alg_score%22%3A0.1738729704564%2C%22rn%22%3A4%2C%22item_ecpm%22%3A0%2C%22ump_price%22%3A%22261.58%22%2C%22isXClose%22%3Afalse%2C%22x_object_id%22%3A627837896555%7D&
999611389211,金灶KP-T80D黑陶功夫茶具,,,,https://item.taobao.com/item.htm?id=999611389211&xxc=home_recommend&scm=1007.40986.467924.0&pvid=c29efe5b-69bd-49ec-a3f9-3061bf3f16bb&skuId=6158913410300&mi_id=0000kzBnO8-vpctQJ-i0um1xBLE0FhCCYF5qVEgKWWC7SSA&utparam=%7B%22item_ctr%22%3A0.09700563549995422%2C%22x_object_type%22%3A%22item%22%2C%22matchType%22%3A%22dm_pvlist_odl%22%2C%22item_price%22%3A%2243%22%2C%22item_cvr%22%3A0.0028338462579995394%2C%22umpCalled%22%3Atrue%2C%22pc_ctr%22%3A0.04688021540641785%2C%22pc_scene%22%3A%2220001%22%2C%22userId%22%3A12808293%2C%22ab_info%22%3A%2230986%23467924%230_30986%23528214%2358507_30986%23527807%2358418_30986%23537217%2360408_30986%23521582%2357267_30986%23526067%2358189_30986%23533297%2359487_30986%23528944%2357910_30986%23530923%2359037_30986%23532805%2359017_30986%23528109%2358485_30986%23545019%2362063_30986%23537488%2360469_30986%23546628%2362403_30986%23537987%2360586_30986%23547837%2362654_30986%23538037%2360595%22%2C%22tpp_buckets%22%3A%2230986%23467924%230_30986%23528214%2358507_30986%23527807%2358418_30986%23537217%2360408_30986%23521582%2357267_30986%23526067%2358189_30986%23533297%2359487_30986%23528944%2357910_30986%23530923%2359037_30986%23532805%2359017_30986%23528109%2358485_30986%23545019%2362063_30986%23537488%2360469_30986%23546628%2362403_30986%23537987%2360586_30986%23547837%2362654_30986%23538037%2360595%22%2C%22aplus_abtest%22%3A%221259310263af9e577a3439b130330250%22%2C%22isLogin%22%3Atrue%2C%22abid%22%3A%22528214_527807_537217_521582_526067_533297_528944_530923_532805_528109_545019_537488_546628_537987_547837_538037%22%2C%22pc_pvid%22%3A%22c29efe5b-69bd-49ec-a3f9-3061bf3f16bb%22%2C%22isWeekLogin%22%3Afalse%2C%22pc_alg_score%22%3A0.1559060764816%2C%22rn%22%3A5%2C%22item_ecpm%22%3A0%2C%22ump_price%22%3A%2243%22%2C%22isXClose%22%3Afalse%2C%22x_object_id%22%3A999611389211%7D&
979071006015,户外手摇发电太阳能小手电,,,,https://item.taobao.com/item.htm?id=979071006015&xxc=home_recommend&scm=1007.40986.467924.0&pvid=c29efe5b-69bd-49ec-a3f9-3061bf3f16bb&skuId=6101291514065&mi_id=0000rL_lBLg3R3ymV-kkG0raQFIl1JLBvvOQT6POQxCASc0&utparam=%7B%22item_ctr%22%3A0.11251607537269592%2C%22x_object_type%22%3A%22item%22%2C%22matchType%22%3A%22nann_base%22%2C%22item_price%22%3A%2242.6%22%2C%22item_cvr%22%3A0.00012335069186519831%2C%22umpCalled%22%3Atrue%2C%22pc_ctr%22%3A0.051453977823257446%2C%22pc_scene%22%3A%2220001%22%2C%22userId%22%3A12808293%2C%22ab_info%22%3A%2230986%23467924%230_30986%23528214%2358507_30986%23527807%2358418_30986%23537217%2360408_30986%23521582%2357267_30986%23526067%2358189_30986%23533297%2359487_30986%23528944%2357910_30986%23530923%2359037_30986%23532805%2359017_30986%23528109%2358485_30986%23545019%2362063_30986%23537488%2360469_30986%23546628%2362403_30986%23537987%2360586_30986%23547837%2362654_30986%23538037%2360595%22%2C%22tpp_buckets%22%3A%2230986%23467924%230_30986%23528214%2358507_30986%23527807%2358418_30986%23537217%2360408_30986%23521582%2357267_30986%23526067%2358189_30986%23533297%2359487_30986%23528944%2357910_30986%23530923%2359037_30986%23532805%2359017_30986%23528109%2358485_30986%23545019%2362063_30986%23537488%2360469_30986%23546628%2362403_30986%23537987%2360586_30986%23547837%2362654_30986%23538037%2360595%22%2C%22aplus_abtest%22%3A%22151e7dcb37ce82ddc1f1f48f1bb53c92%22%2C%22isLogin%22%3Atrue%2C%22abid%22%3A%22528214_527807_537217_521582_526067_533297_528944_530923_532805_528109_545019_537488_546628_537987_547837_538037%22%2C%22pc_pvid%22%3A%22c29efe5b-69bd-49ec-a3f9-3061bf3f16bb%22%2C%22isWeekLogin%22%3Afalse%2C%22pc_alg_score%22%3A0.15486981863938%2C%22rn%22%3A7%2C%22item_ecpm%22%3A0%2C%22ump_price%22%3A%2242.6%22%2C%22isXClose%22%3Afalse%2C%22x_object_id%22%3A979071006015%7D&
908480567440,阿迪达斯VOYAGER SLIPON H.RDY户外一脚蹬运动鞋 IE2599 IH6117,,,,https://item.taobao.com/item.htm?id=908480567440&xxc=home_recommend&scm=1007.40986.467924.0&pvid=c29efe5b-69bd-49ec-a3f9-3061bf3f16bb&skuId=5793561937836&mi_id=0000JBeME_QJ0M459Wcm39aK7vt9O5HEOPk0Ycsc4zUEJ8Q&utparam=%7B%22item_ctr%22%3A0.1801823377609253%2C%22x_object_type%22%3A%22item%22%2C%22matchType%22%3A%22dm_interest%22%2C%22item_price%22%3A%22269.78%22%2C%22item_cvr%22%3A0.0010044159134849906%2C%22umpCalled%22%3Atrue%2C%22pc_ctr%22%3A0.04569461941719055%2C%22pc_scene%22%3A%2220001%22%2C%22userId%22%3A12808293%2C%22ab_info%22%3A%2230986%23467924%230_30986%23528214%2358507_30986%23527807%2358418_30986%23537217%2360408_30986%23521582%2357267_30986%23526067%2358189_30986%23533297%2359487_30986%23528944%2357910_30986%23530923%2359037_30986%23532805%2359017_30986%23528109%2358485_30986%23545019%2362063_30986%23537488%2360469_30986%23546628%2362403_30986%23537987%2360586_30986%23547837%2362654_30986%23538037%2360595%22%2C%22tpp_buckets%22%3A%2230986%23467924%230_30986%23528214%2358507_30986%23527807%2358418_30986%23537217%2360408_30986%23521582%2357267_30986%23526067%2358189_30986%23533297%2359487_30986%23528944%2357910_30986%23530923%2359037_30986%23532805%2359017_30986%23528109%2358485_30986%23545019%2362063_30986%23537488%2360469_30986%23546628%2362403_30986%23537987%2360586_30986%23547837%2362654_30986%23538037%2360595%22%2C%22aplus_abtest%22%3A%22af57fea3a22a82f3b2f1558770e5b998%22%2C%22isLogin%22%3Atrue%2C%22abid%22%3A%22528214_527807_537217_521582_526067_533297_528944_530923_532805_528109_545019_537488_546628_537987_547837_538037%22%2C%22pc_pvid%22%3A%22c29efe5b-69bd-49ec-a3f9-3061bf3f16bb%22%2C%22isWeekLogin%22%3Afalse%2C%22pc_alg_score%22%3A0.1416358227671%2C%22rn%22%3A9%2C%22item_ecpm%22%3A0%2C%22ump_price%22%3A%22269.78%22%2C%22isXClose%22%3Afalse%2C%22x_object_id%22%3A908480567440%7D&
677298840613,鬼塚虎男女轻便百搭运动休闲鞋,,,,https://item.taobao.com/item.htm?id=677298840613&xxc=home_recommend&scm=1007.40986.467924.0&pvid=c29efe5b-69bd-49ec-a3f9-3061bf3f16bb&skuId=5036422502120&mi_id=0000wQfV6avje_f3qkLzY5qRosugKVESnYVin1X-LEaFO94&utparam=%7B%22item_ctr%22%3A0.10317790508270264%2C%22x_object_type%22%3A%22item%22%2C%22matchType%22%3A%22dm_pvlist_odl%22%2C%22item_price%22%3A%22395%22%2C%22item_cvr%22%3A0.0007702569128014147%2C%22umpCalled%22%3Atrue%2C%22pc_ctr%22%3A0.045885056257247925%2C%22pc_scene%22%3A%2220001%22%2C%22userId%22%3A12808293%2C%22ab_info%22%3A%2230986%23467924%230_30986%23528214%2358507_30986%23527807%2358418_30986%23537217%2360408_30986%23521582%2357267_30986%23526067%2358189_30986%23533297%2359487_30986%23528944%2357910_30986%23530923%2359037_30986%23532805%2359017_30986%23528109%2358485_30986%23545019%2362063_30986%23537488%2360469_30986%23546628%2362403_30986%23537987%2360586_30986%23547837%2362654_30986%23538037%2360595%22%2C%22tpp_buckets%22%3A%2230986%23467924%230_30986%23528214%2358507_30986%23527807%2358418_30986%23537217%2360408_30986%23521582%2357267_30986%23526067%2358189_30986%23533297%2359487_30986%23528944%2357910_30986%23530923%2359037_30986%23532805%2359017_30986%23528109%2358485_30986%23545019%2362063_30986%23537488%2360469_30986%23546628%2362403_30986%23537987%2360586_30986%23547837%2362654_30986%23538037%2360595%22%2C%22aplus_abtest%22%3A%2281dbdeed2992a514043f078383bb90eb%22%2C%22isLogin%22%3Atrue%2C%22abid%22%3A%22528214_527807_537217_521582_526067_533297_528944_530923_532805_528109_545019_537488_546628_537987_547837_538037%22%2C%22pc_pvid%22%3A%22c29efe5b-69bd-49ec-a3f9-3061bf3f16bb%22%2C%22isWeekLogin%22%3Afalse%2C%22pc_alg_score%22%3A0.1410521681637%2C%22rn%22%3A10%2C%22item_ecpm%22%3A0%2C%22ump_price%22%3A%22395%22%2C%22isXClose%22%3Afalse%2C%22x_object_id%22%3A677298840613%7D&
915691773459,【新客尝鲜】孝文家茶茶叶组合品鉴武夷山肉桂大红袍好茶日饮集,,,,https://item.taobao.com/item.htm?id=915691773459&xxc=home_recommend&scm=1007.40986.467924.0&pvid=c29efe5b-69bd-49ec-a3f9-3061bf3f16bb&skuId=6004537576797&mi_id=0000gEk18b03uVPm0S_3OnZQCz3TQTLXHL0PsSCDz83IwWA&utparam=%7B%22item_ctr%22%3A0.06251364946365356%2C%22x_object_type%22%3A%22item%22%2C%22matchType%22%3A%22dm_allnet_pay%22%2C%22item_price%22%3A%229.9%22%2C%22item_cvr%22%3A0.0586685948073864%2C%22umpCalled%22%3Atrue%2C%22pc_ctr%22%3A0.009621232748031616%2C%22pc_scene%22%3A%2220001%22%2C%22userId%22%3A12808293%2C%22ab_info%22%3A%2230986%23467924%230_30986%23528214%2358507_30986%23527807%2358418_30986%23537217%2360408_30986%23521582%2357267_30986%23526067%2358189_30986%23533297%2359487_30986%23528944%2357910_30986%23530923%2359037_30986%23532805%2359017_30986%23528109%2358485_30986%23545019%2362063_30986%23537488%2360469_30986%23546628%2362403_30986%23537987%2360586_30986%23547837%2362654_30986%23538037%2360595%22%2C%22tpp_buckets%22%3A%2230986%23467924%230_30986%23528214%2358507_30986%23527807%2358418_30986%23537217%2360408_30986%23521582%2357267_30986%23526067%2358189_30986%23533297%2359487_30986%23528944%2357910_30986%23530923%2359037_30986%23532805%2359017_30986%23528109%2358485_30986%23545019%2362063_30986%23537488%2360469_30986%23546628%2362403_30986%23537987%2360586_30986%23547837%2362654_30986%23538037%2360595%22%2C%22aplus_abtest%22%3A%221c73d0e8de54fc8966d5138b1ae00452%22%2C%22isLogin%22%3Atrue%2C%22abid%22%3A%22528214_527807_537217_521582_526067_533297_528944_530923_532805_528109_545019_537488_546628_537987_547837_538037%22%2C%22pc_pvid%22%3A%22c29efe5b-69bd-49ec-a3f9-3061bf3f16bb%22%2C%22isWeekLogin%22%3Afalse%2C%22pc_alg_score%22%3A0.140767614831%2C%22rn%22%3A12%2C%22item_ecpm%22%3A0%2C%22ump_price%22%3A%229.9%22%2C%22isXClose%22%3Afalse%2C%22x_object_id%22%3A915691773459%7D&
934403609482,【618惊喜价】五粮小坛小酒100mL浓香白酒五粮液官旗正品伴手礼,,,,https://item.taobao.com/item.htm?id=934403609482&xxc=home_recommend&scm=1007.40986.467924.0&pvid=c29efe5b-69bd-49ec-a3f9-3061bf3f16bb&skuId=5989534602050&mi_id=0000xtcZeD2PoHFM_ixr3QYCTs6Pr5cdStpMj2WYyecSaDI&utparam=%7B%22item_ctr%22%3A0.08583268523216248%2C%22x_object_type%22%3A%22item%22%2C%22matchType%22%3A%22disc_dm_pvlist%22%2C%22item_price%22%3A%2235%22%2C%22item_cvr%22%3A0.007547918241471052%2C%22umpCalled%22%3Atrue%2C%22pc_ctr%22%3A0.034583449363708496%2C%22pc_scene%22%3A%2220001%22%2C%22userId%22%3A12808293%2C%22ab_info%22%3A%2230986%23467924%230_30986%23528214%2358507_30986%23527807%2358418_30986%23537217%2360408_30986%23521582%2357267_30986%23526067%2358189_30986%23533297%2359487_30986%23528944%2357910_30986%23530923%2359037_30986%23532805%2359017_30986%23528109%2358485_30986%23545019%2362063_30986%23537488%2360469_30986%23546628%2362403_30986%23537987%2360586_30986%23547837%2362654_30986%23538037%2360595%22%2C%22tpp_buckets%22%3A%2230986%23467924%230_30986%23528214%2358507_30986%23527807%2358418_30986%23537217%2360408_30986%23521582%2357267_30986%23526067%2358189_30986%23533297%2359487_30986%23528944%2357910_30986%23530923%2359037_30986%23532805%2359017_30986%23528109%2358485_30986%23545019%2362063_30986%23537488%2360469_30986%23546628%2362403_30986%23537987%2360586_30986%23547837%2362654_30986%23538037%2360595%22%2C%22aplus_abtest%22%3A%22bc0342967b8410c571958caea74380e2%22%2C%22isLogin%22%3Atrue%2C%22abid%22%3A%22528214_527807_537217_521582_526067_533297_528944_530923_532805_528109_545019_537488_546628_537987_547837_538037%22%2C%22pc_pvid%22%3A%22c29efe5b-69bd-49ec-a3f9-3061bf3f16bb%22%2C%22isWeekLogin%22%3Afalse%2C%22pc_alg_score%22%3A0.133915973127%2C%22rn%22%3A14%2C%22item_ecpm%22%3A0%2C%22ump_price%22%3A%2235%22%2C%22isXClose%22%3Afalse%2C%22x_object_id%22%3A934403609482%7D&
546622150783,金菜地老式麻油绿豆糕安徽,,,,https://item.taobao.com/item.htm?id=546622150783&xxc=home_recommend&scm=1007.40986.467924.0&pvid=c29efe5b-69bd-49ec-a3f9-3061bf3f16bb&skuId=4847791725495&mi_id=0000NpPRDripZloAECmQzGhtblBHpJI0_ZMqmuWvSktKfuo&utparam=%7B%22item_ctr%22%3A0.04683542251586914%2C%22x_object_type%22%3A%22item%22%2C%22matchType%22%3A%22dm_allnet_pay%22%2C%22item_price%22%3A%229.21%22%2C%22item_cvr%22%3A0.05644403398036957%2C%22umpCalled%22%3Atrue%2C%22pc_ctr%22%3A0.008954286575317383%2C%22pc_scene%22%3A%2220001%22%2C%22userId%22%3A12808293%2C%22ab_info%22%3A%2230986%23467924%230_30986%23528214%2358507_30986%23527807%2358418_30986%23537217%2360408_30986%23521582%2357267_30986%23526067%2358189_30986%23533297%2359487_30986%23528944%2357910_30986%23530923%2359037_30986%23532805%2359017_30986%23528109%2358485_30986%23545019%2362063_30986%23537488%2360469_30986%23546628%2362403_30986%23537987%2360586_30986%23547837%2362654_30986%23538037%2360595%22%2C%22tpp_buckets%22%3A%2230986%23467924%230_30986%23528214%2358507_30986%23527807%2358418_30986%23537217%2360408_30986%23521582%2357267_30986%23526067%2358189_30986%23533297%2359487_30986%23528944%2357910_30986%23530923%2359037_30986%23532805%2359017_30986%23528109%2358485_30986%23545019%2362063_30986%23537488%2360469_30986%23546628%2362403_30986%23537987%2360586_30986%23547837%2362654_30986%23538037%2360595%22%2C%22aplus_abtest%22%3A%22e974ade688de0cdd1ee3c3f8353b5f1f%22%2C%22isLogin%22%3Atrue%2C%22abid%22%3A%22528214_527807_537217_521582_526067_533297_528944_530923_532805_528109_545019_537488_546628_537987_547837_538037%22%2C%22pc_pvid%22%3A%22c29efe5b-69bd-49ec-a3f9-3061bf3f16bb%22%2C%22isWeekLogin%22%3Afalse%2C%22pc_alg_score%22%3A0.1327353915367%2C%22rn%22%3A16%2C%22item_ecpm%22%3A0%2C%22ump_price%22%3A%229.21%22%2C%22isXClose%22%3Afalse%2C%22x_object_id%22%3A546622150783%7D&
1005583835541,2026世界球员版足球成人5号4号球杯比赛专用耐磨青少年带礼盒礼品,,,,https://item.taobao.com/item.htm?id=1005583835541&xxc=home_recommend&scm=1007.40986.467924.0&pvid=c29efe5b-69bd-49ec-a3f9-3061bf3f16bb&skuId=6168223615950&mi_id=0000cdTGg4vs4fYJXzmd0bLEyPZnh6-WX-oD3x8RjSwDqig&utparam=%7B%22item_ctr%22%3A0.11155396699905396%2C%22x_object_type%22%3A%22item%22%2C%22matchType%22%3A%22dm_pvlist_odl%22%2C%22item_price%22%3A%22108%22%2C%22item_cvr%22%3A0.001197214936837554%2C%22umpCalled%22%3Atrue%2C%22pc_ctr%22%3A0.04017972946166992%2C%22pc_scene%22%3A%2220001%22%2C%22userId%22%3A12808293%2C%22ab_info%22%3A%2230986%23467924%230_30986%23528214%2358507_30986%23527807%2358418_30986%23537217%2360408_30986%23521582%2357267_30986%23526067%2358189_30986%23533297%2359487_30986%23528944%2357910_30986%23530923%2359037_30986%23532805%2359017_30986%23528109%2358485_30986%23545019%2362063_30986%23537488%2360469_30986%23546628%2362403_30986%23537987%2360586_30986%23547837%2362654_30986%23538037%2360595%22%2C%22tpp_buckets%22%3A%2230986%23467924%230_30986%23528214%2358507_30986%23527807%2358418_30986%23537217%2360408_30986%23521582%2357267_30986%23526067%2358189_30986%23533297%2359487_30986%23528944%2357910_30986%23530923%2359037_30986%23532805%2359017_30986%23528109%2358485_30986%23545019%2362063_30986%23537488%2360469_30986%23546628%2362403_30986%23537987%2360586_30986%23547837%2362654_30986%23538037%2360595%22%2C%22aplus_abtest%22%3A%2285e7fca6b4d65bbfeea27103673490a0%22%2C%22isLogin%22%3Atrue%2C%22abid%22%3A%22528214_527807_537217_521582_526067_533297_528944_530923_532805_528109_545019_537488_546628_537987_547837_538037%22%2C%22pc_pvid%22%3A%22c29efe5b-69bd-49ec-a3f9-3061bf3f16bb%22%2C%22isWeekLogin%22%3Afalse%2C%22pc_alg_score%22%3A0.1252206495474%2C%22rn%22%3A18%2C%22item_ecpm%22%3A0%2C%22ump_price%22%3A%22108%22%2C%22isXClose%22%3Afalse%2C%22x_object_id%22%3A1005583835541%7D&
713729301691,全自动钓鱼新型钓鱼神器,,,,https://item.taobao.com/item.htm?id=713729301691&xxc=home_recommend&scm=1007.40986.467924.0&pvid=c29efe5b-69bd-49ec-a3f9-3061bf3f16bb&skuId=6159945950516&mi_id=0000DB7fvTxH0zDL5qnv0qsHT4WlJHqqsz7XocKW4XDEDlM&utparam=%7B%22item_ctr%22%3A0.042697638273239136%2C%22x_object_type%22%3A%22item%22%2C%22matchType%22%3A%22nann_base%22%2C%22item_price%22%3A%225.8%22%2C%22item_cvr%22%3A0.00026115987566299736%2C%22umpCalled%22%3Atrue%2C%22pc_ctr%22%3A0.041143447160720825%2C%22pc_scene%22%3A%2220001%22%2C%22userId%22%3A12808293%2C%22ab_info%22%3A%2230986%23467924%230_30986%23528214%2358507_30986%23527807%2358418_30986%23537217%2360408_30986%23521582%2357267_30986%23526067%2358189_30986%23533297%2359487_30986%23528944%2357910_30986%23530923%2359037_30986%23532805%2359017_30986%23528109%2358485_30986%23545019%2362063_30986%23537488%2360469_30986%23546628%2362403_30986%23537987%2360586_30986%23547837%2362654_30986%23538037%2360595%22%2C%22tpp_buckets%22%3A%2230986%23467924%230_30986%23528214%2358507_30986%23527807%2358418_30986%23537217%2360408_30986%23521582%2357267_30986%23526067%2358189_30986%23533297%2359487_30986%23528944%2357910_30986%23530923%2359037_30986%23532805%2359017_30986%23528109%2358485_30986%23545019%2362063_30986%23537488%2360469_30986%23546628%2362403_30986%23537987%2360586_30986%23547837%2362654_30986%23538037%2360595%22%2C%22aplus_abtest%22%3A%220cb62c36f29badc2b2f1642e58d9956b%22%2C%22isLogin%22%3Atrue%2C%22abid%22%3A%22528214_527807_537217_521582_526067_533297_528944_530923_532805_528109_545019_537488_546628_537987_547837_538037%22%2C%22pc_pvid%22%3A%22c29efe5b-69bd-49ec-a3f9-3061bf3f16bb%22%2C%22isWeekLogin%22%3Afalse%2C%22pc_alg_score%22%3A0.12432279961969%2C%22rn%22%3A20%2C%22item_ecpm%22%3A0%2C%22ump_price%22%3A%225.8%22%2C%22isXClose%22%3Afalse%2C%22x_object_id%22%3A713729301691%7D&
5863118313,老品牌龙羽2026原产地径山茶绿茶,,,,https://item.taobao.com/item.htm?id=5863118313&xxc=home_recommend&scm=1007.40986.467924.0&pvid=c29efe5b-69bd-49ec-a3f9-3061bf3f16bb&skuId=4760609188814&mi_id=00003RhdhWUj-IH8iFTlhJhGi95cGcTdxqhrYkWh1tJymuY&utparam=%7B%22item_ctr%22%3A0.13075509667396545%2C%22x_object_type%22%3A%22item%22%2C%22matchType%22%3A%22dm_pvlist_odl%22%2C%22item_price%22%3A%2259.8%22%2C%22item_cvr%22%3A0.005099846050143242%2C%22umpCalled%22%3Atrue%2C%22pc_ctr%22%3A0.034204453229904175%2C%22pc_scene%22%3A%2220001%22%2C%22userId%22%3A12808293%2C%22ab_info%22%3A%2230986%23467924%230_30986%23528214%2358507_30986%23527807%2358418_30986%23537217%2360408_30986%23521582%2357267_30986%23526067%2358189_30986%23533297%2359487_30986%23528944%2357910_30986%23530923%2359037_30986%23532805%2359017_30986%23528109%2358485_30986%23545019%2362063_30986%23537488%2360469_30986%23546628%2362403_30986%23537987%2360586_30986%23547837%2362654_30986%23538037%2360595%22%2C%22tpp_buckets%22%3A%2230986%23467924%230_30986%23528214%2358507_30986%23527807%2358418_30986%23537217%2360408_30986%23521582%2357267_30986%23526067%2358189_30986%23533297%2359487_30986%23528944%2357910_30986%23530923%2359037_30986%23532805%2359017_30986%23528109%2358485_30986%23545019%2362063_30986%23537488%2360469_30986%23546628%2362403_30986%23537987%2360586_30986%23547837%2362654_30986%23538037%2360595%22%2C%22aplus_abtest%22%3A%22433311709f624f8b383cdc2df39d4640%22%2C%22isLogin%22%3Atrue%2C%22abid%22%3A%22528214_527807_537217_521582_526067_533297_528944_530923_532805_528109_545019_537488_546628_537987_547837_538037%22%2C%22pc_pvid%22%3A%22c29efe5b-69bd-49ec-a3f9-3061bf3f16bb%22%2C%22isWeekLogin%22%3Afalse%2C%22pc_alg_score%22%3A0.1218524975062%2C%22rn%22%3A22%2C%22item_ecpm%22%3A0%2C%22ump_price%22%3A%2259.8%22%2C%22isXClose%22%3Afalse%2C%22x_object_id%22%3A5863118313%7D&
940528455503,减压手指链齿飞轮链条陀螺,,,,https://item.taobao.com/item.htm?id=940528455503&xxc=home_recommend&scm=1007.40986.467924.0&pvid=1b99dd68-0cbf-4ce6-a200-edad06c9e0ff&skuId=5953246464518&mi_id=0000Cxur2Jk5nRI86glQJSg-Jq2Fj2ixryMfJhrJaRPdfkQ&utparam=%7B%22item_ctr%22%3A0.14908373355865479%2C%22x_object_type%22%3A%22item%22%2C%22matchType%22%3A%22nann_base%22%2C%22item_price%22%3A%224.42%22%2C%22item_cvr%22%3A0.0038693705573678017%2C%22umpCalled%22%3Atrue%2C%22pc_ctr%22%3A0.0679067075252533%2C%22pc_scene%22%3A%2220001%22%2C%22userId%22%3A12808293%2C%22ab_info%22%3A%2230986%23467924%230_30986%23528214%2358507_30986%23527807%2358418_30986%23537217%2360408_30986%23521582%2357267_30986%23526067%2358189_30986%23533297%2359487_30986%23528944%2357910_30986%23530923%2359037_30986%23532805%2359017_30986%23528109%2358485_30986%23545019%2362063_30986%23537488%2360469_30986%23546628%2362403_30986%23537987%2360586_30986%23547837%2362654_30986%23538037%2360595%22%2C%22tpp_buckets%22%3A%2230986%23467924%230_30986%23528214%2358507_30986%23527807%2358418_30986%23537217%2360408_30986%23521582%2357267_30986%23526067%2358189_30986%23533297%2359487_30986%23528944%2357910_30986%23530923%2359037_30986%23532805%2359017_30986%23528109%2358485_30986%23545019%2362063_30986%23537488%2360469_30986%23546628%2362403_30986%23537987%2360586_30986%23547837%2362654_30986%23538037%2360595%22%2C%22aplus_abtest%22%3A%22584715ebabfaf9ec52e5b79f400242fe%22%2C%22isLogin%22%3Atrue%2C%22abid%22%3A%22528214_527807_537217_521582_526067_533297_528944_530923_532805_528109_545019_537488_546628_537987_547837_538037%22%2C%22pc_pvid%22%3A%221b99dd68-0cbf-4ce6-a200-edad06c9e0ff%22%2C%22isWeekLogin%22%3Afalse%2C%22pc_alg_score%22%3A0.2446045412555%2C%22rn%22%3A0%2C%22item_ecpm%22%3A0%2C%22ump_price%22%3A%224.42%22%2C%22isXClose%22%3Afalse%2C%22x_object_id%22%3A940528455503%7D&
974637655241,【政府补贴】Apple/苹果 iPhone 17,,,,https://item.taobao.com/item.htm?id=974637655241&xxc=home_recommend&umpChannel=bybtqdyh&u_channel=bybtqdyh&scm=1007.40986.467924.0&pvid=1b99dd68-0cbf-4ce6-a200-edad06c9e0ff&skuId=5928329932665&mi_id=0000Te5jOSQNWibyTlCASZbfu__EHpB7M6yfy4c6Nl6qY5o&utparam=%7B%22item_ctr%22%3A0.192450612783432%2C%22x_object_type%22%3A%22item%22%2C%22matchType%22%3A%22nann_base%22%2C%22item_price%22%3A%225049%22%2C%22item_cvr%22%3A0.002855975879356265%2C%22umpCalled%22%3Atrue%2C%22pc_ctr%22%3A0.07100227475166321%2C%22pc_scene%22%3A%2220001%22%2C%22userId%22%3A12808293%2C%22ab_info%22%3A%2230986%23467924%230_30986%23528214%2358507_30986%23527807%2358418_30986%23537217%2360408_30986%23521582%2357267_30986%23526067%2358189_30986%23533297%2359487_30986%23528944%2357910_30986%23530923%2359037_30986%23532805%2359017_30986%23528109%2358485_30986%23545019%2362063_30986%23537488%2360469_30986%23546628%2362403_30986%23537987%2360586_30986%23547837%2362654_30986%23538037%2360595%22%2C%22tpp_buckets%22%3A%2230986%23467924%230_30986%23528214%2358507_30986%23527807%2358418_30986%23537217%2360408_30986%23521582%2357267_30986%23526067%2358189_30986%23533297%2359487_30986%23528944%2357910_30986%23530923%2359037_30986%23532805%2359017_30986%23528109%2358485_30986%23545019%2362063_30986%23537488%2360469_30986%23546628%2362403_30986%23537987%2360586_30986%23547837%2362654_30986%23538037%2360595%22%2C%22aplus_abtest%22%3A%2211dc0078958de3cddb42fcd34249f0c6%22%2C%22isLogin%22%3Atrue%2C%22abid%22%3A%22528214_527807_537217_521582_526067_533297_528944_530923_532805_528109_545019_537488_546628_537987_547837_538037%22%2C%22pc_pvid%22%3A%221b99dd68-0cbf-4ce6-a200-edad06c9e0ff%22%2C%22isWeekLogin%22%3Afalse%2C%22pc_alg_score%22%3A0.2441467677189%2C%22rn%22%3A1%2C%22item_ecpm%22%3A0%2C%22ump_price%22%3A%225049%22%2C%22isXClose%22%3Afalse%2C%22x_object_id%22%3A974637655241%7D&
980120522404,妖孽级的存在！这设计太惊艳衬衫,,,,https://item.taobao.com/item.htm?id=980120522404&xxc=home_recommend&scm=1007.40986.467924.0&pvid=1b99dd68-0cbf-4ce6-a200-edad06c9e0ff&skuId=5937594224217&mi_id=0000STIuXb7UAI-nQLqpFq17z_qROKhklYGDUAOQ0zaD47E&utparam=%7B%22item_ctr%22%3A0.25325295329093933%2C%22x_object_type%22%3A%22item%22%2C%22matchType%22%3A%22disc_dm_pvlist%22%2C%22item_price%22%3A%22499%22%2C%22item_cvr%22%3A0.00003166717942804098%2C%22umpCalled%22%3Atrue%2C%22pc_ctr%22%3A0.07409626245498657%2C%22pc_scene%22%3A%2220001%22%2C%22userId%22%3A12808293%2C%22ab_info%22%3A%2230986%23467924%230_30986%23528214%2358507_30986%23527807%2358418_30986%23537217%2360408_30986%23521582%2357267_30986%23526067%2358189_30986%23533297%2359487_30986%23528944%2357910_30986%23530923%2359037_30986%23532805%2359017_30986%23528109%2358485_30986%23545019%2362063_30986%23537488%2360469_30986%23546628%2362403_30986%23537987%2360586_30986%23547837%2362654_30986%23538037%2360595%22%2C%22tpp_buckets%22%3A%2230986%23467924%230_30986%23528214%2358507_30986%23527807%2358418_30986%23537217%2360408_30986%23521582%2357267_30986%23526067%2358189_30986%23533297%2359487_30986%23528944%2357910_30986%23530923%2359037_30986%23532805%2359017_30986%23528109%2358485_30986%23545019%2362063_30986%23537488%2360469_30986%23546628%2362403_30986%23537987%2360586_30986%23547837%2362654_30986%23538037%2360595%22%2C%22aplus_abtest%22%3A%221685933f90e30f582e9fe299c970db33%22%2C%22isLogin%22%3Atrue%2C%22abid%22%3A%22528214_527807_537217_521582_526067_533297_528944_530923_532805_528109_545019_537488_546628_537987_547837_538037%22%2C%22pc_pvid%22%3A%221b99dd68-0cbf-4ce6-a200-edad06c9e0ff%22%2C%22isWeekLogin%22%3Afalse%2C%22pc_alg_score%22%3A0.222472723310648%2C%22rn%22%3A2%2C%22item_ecpm%22%3A0%2C%22ump_price%22%3A%22499%22%2C%22isXClose%22%3Afalse%2C%22x_object_id%22%3A980120522404%7D&
816090016098,男女跑步鞋清风透气减震,,,,https://item.taobao.com/item.htm?id=816090016098&xxc=home_recommend&scm=1007.40986.467924.0&pvid=1b99dd68-0cbf-4ce6-a200-edad06c9e0ff&skuId=5687047578048&mi_id=00000NXWnI7JYo6aQLUwE3lzQQGQJcQzlI2afeIDJMROU8s&utparam=%7B%22item_ctr%22%3A0.15599381923675537%2C%22x_object_type%22%3A%22item%22%2C%22matchType%22%3A%22dm_pvlist_odl%22%2C%22item_price%22%3A%22179%22%2C%22item_cvr%22%3A0.001674346742220223%2C%22umpCalled%22%3Atrue%2C%22pc_ctr%22%3A0.06027647852897644%2C%22pc_scene%22%3A%2220001%22%2C%22userId%22%3A12808293%2C%22ab_info%22%3A%2230986%23467924%230_30986%23528214%2358507_30986%23527807%2358418_30986%23537217%2360408_30986%23521582%2357267_30986%23526067%2358189_30986%23533297%2359487_30986%23528944%2357910_30986%23530923%2359037_30986%23532805%2359017_30986%23528109%2358485_30986%23545019%2362063_30986%23537488%2360469_30986%23546628%2362403_30986%23537987%2360586_30986%23547837%2362654_30986%23538037%2360595%22%2C%22tpp_buckets%22%3A%2230986%23467924%230_30986%23528214%2358507_30986%23527807%2358418_30986%23537217%2360408_30986%23521582%2357267_30986%23526067%2358189_30986%23533297%2359487_30986%23528944%2357910_30986%23530923%2359037_30986%23532805%2359017_30986%23528109%2358485_30986%23545019%2362063_30986%23537488%2360469_30986%23546628%2362403_30986%23537987%2360586_30986%23547837%2362654_30986%23538037%2360595%22%2C%22aplus_abtest%22%3A%2278e3e26f29f83491e578e08cecbf31ed%22%2C%22isLogin%22%3Atrue%2C%22abid%22%3A%22528214_527807_537217_521582_526067_533297_528944_530923_532805_528109_545019_537488_546628_537987_547837_538037%22%2C%22pc_pvid%22%3A%221b99dd68-0cbf-4ce6-a200-edad06c9e0ff%22%2C%22isWeekLogin%22%3Afalse%2C%22pc_alg_score%22%3A0.193334994843%2C%22rn%22%3A3%2C%22item_ecpm%22%3A0%2C%22ump_price%22%3A%22179%22%2C%22isXClose%22%3Afalse%2C%22x_object_id%22%3A816090016098%7D&
988286720514,户外野炊露营环保方块引火神器烧烤点碳神器携带方便防水农村引火,,,,https://item.taobao.com/item.htm?id=988286720514&xxc=home_recommend&scm=1007.40986.467924.0&pvid=1b99dd68-0cbf-4ce6-a200-edad06c9e0ff&skuId=5950796592099&mi_id=0000LTlk_9WthuaaOaSvperwCAWickRXCw-qCqUnmPdO_C0&utparam=%7B%22item_ctr%22%3A0.24181067943572998%2C%22x_object_type%22%3A%22item%22%2C%22matchType%22%3A%22nann_base%22%2C%22item_price%22%3A%225.98%22%2C%22item_cvr%22%3A0.0001334312983090058%2C%22umpCalled%22%3Atrue%2C%22pc_ctr%22%3A0.06237071752548218%2C%22pc_scene%22%3A%2220001%22%2C%22userId%22%3A12808293%2C%22ab_info%22%3A%2230986%23467924%230_30986%23528214%2358507_30986%23527807%2358418_30986%23537217%2360408_30986%23521582%2357267_30986%23526067%2358189_30986%23533297%2359487_30986%23528944%2357910_30986%23530923%2359037_30986%23532805%2359017_30986%23528109%2358485_30986%23545019%2362063_30986%23537488%2360469_30986%23546628%2362403_30986%23537987%2360586_30986%23547837%2362654_30986%23538037%2360595%22%2C%22tpp_buckets%22%3A%2230986%23467924%230_30986%23528214%2358507_30986%23527807%2358418_30986%23537217%2360408_30986%23521582%2357267_30986%23526067%2358189_30986%23533297%2359487_30986%23528944%2357910_30986%23530923%2359037_30986%23532805%2359017_30986%23528109%2358485_30986%23545019%2362063_30986%23537488%2360469_30986%23546628%2362403_30986%23537987%2360586_30986%23547837%2362654_30986%23538037%2360595%22%2C%22aplus_abtest%22%3A%22f0604139e53cc1738875b301c117c25f%22%2C%22isLogin%22%3Atrue%2C%22abid%22%3A%22528214_527807_537217_521582_526067_533297_528944_530923_532805_528109_545019_537488_546628_537987_547837_538037%22%2C%22pc_pvid%22%3A%221b99dd68-0cbf-4ce6-a200-edad06c9e0ff%22%2C%22isWeekLogin%22%3Afalse%2C%22pc_alg_score%22%3A0.18783932769796%2C%22rn%22%3A4%2C%22item_ecpm%22%3A0%2C%22ump_price%22%3A%225.98%22%2C%22isXClose%22%3Afalse%2C%22x_object_id%22%3A988286720514%7D&
846846779742,送儿童3D玩具打印机diy立体手办,,,,https://item.taobao.com/item.htm?id=846846779742&xxc=home_recommend&scm=1007.40986.467924.0&pvid=1b99dd68-0cbf-4ce6-a200-edad06c9e0ff&skuId=5939805007304&mi_id=0000AGWrUGprTFqVXqE0-bikHCExhnZ_RmCYELe1o7TXD2Y&utparam=%7B%22item_ctr%22%3A0.23496600985527039%2C%22x_object_type%22%3A%22item%22%2C%22matchType%22%3A%22nann_base%22%2C%22item_price%22%3A%22284%22%2C%22item_cvr%22%3A0.00025311222998425364%2C%22umpCalled%22%3Atrue%2C%22pc_ctr%22%3A0.05606400966644287%2C%22pc_scene%22%3A%2220001%22%2C%22userId%22%3A12808293%2C%22ab_info%22%3A%2230986%23467924%230_30986%23528214%2358507_30986%23527807%2358418_30986%23537217%2360408_30986%23521582%2357267_30986%23526067%2358189_30986%23533297%2359487_30986%23528944%2357910_30986%23530923%2359037_30986%23532805%2359017_30986%23528109%2358485_30986%23545019%2362063_30986%23537488%2360469_30986%23546628%2362403_30986%23537987%2360586_30986%23547837%2362654_30986%23538037%2360595%22%2C%22tpp_buckets%22%3A%2230986%23467924%230_30986%23528214%2358507_30986%23527807%2358418_30986%23537217%2360408_30986%23521582%2357267_30986%23526067%2358189_30986%23533297%2359487_30986%23528944%2357910_30986%23530923%2359037_30986%23532805%2359017_30986%23528109%2358485_30986%23545019%2362063_30986%23537488%2360469_30986%23546628%2362403_30986%23537987%2360586_30986%23547837%2362654_30986%23538037%2360595%22%2C%22aplus_abtest%22%3A%225b2d041053134d613395f49e7699c8f1%22%2C%22isLogin%22%3Atrue%2C%22abid%22%3A%22528214_527807_537217_521582_526067_533297_528944_530923_532805_528109_545019_537488_546628_537987_547837_538037%22%2C%22pc_pvid%22%3A%221b99dd68-0cbf-4ce6-a200-edad06c9e0ff%22%2C%22isWeekLogin%22%3Afalse%2C%22pc_alg_score%22%3A0.169475578829%2C%22rn%22%3A5%2C%22item_ecpm%22%3A0%2C%22ump_price%22%3A%22284%22%2C%22isXClose%22%3Afalse%2C%22x_object_id%22%3A846846779742%7D&
774171695531,猫咪自由进出门自动关门,,,,https://item.taobao.com/item.htm?id=774171695531&xxc=home_recommend&scm=1007.40986.467924.0&pvid=1b99dd68-0cbf-4ce6-a200-edad06c9e0ff&skuId=6247169611956&mi_id=0000lClH4vZa7EiMJ2oXbqQyk-2uGSxvfAVtZ-TONLQQkM4&utparam=%7B%22item_ctr%22%3A0.1407383382320404%2C%22x_object_type%22%3A%22item%22%2C%22matchType%22%3A%22disc_dm_interest%22%2C%22item_price%22%3A%229.9%22%2C%22item_cvr%22%3A0.0006589050171896815%2C%22umpCalled%22%3Atrue%2C%22pc_ctr%22%3A0.05283445119857788%2C%22pc_scene%22%3A%2220001%22%2C%22userId%22%3A12808293%2C%22ab_info%22%3A%2230986%23467924%230_30986%23528214%2358507_30986%23527807%2358418_30986%23537217%2360408_30986%23521582%2357267_30986%23526067%2358189_30986%23533297%2359487_30986%23528944%2357910_30986%23530923%2359037_30986%23532805%2359017_30986%23528109%2358485_30986%23545019%2362063_30986%23537488%2360469_30986%23546628%2362403_30986%23537987%2360586_30986%23547837%2362654_30986%23538037%2360595%22%2C%22tpp_buckets%22%3A%2230986%23467924%230_30986%23528214%2358507_30986%23527807%2358418_30986%23537217%2360408_30986%23521582%2357267_30986%23526067%2358189_30986%23533297%2359487_30986%23528944%2357910_30986%23530923%2359037_30986%23532805%2359017_30986%23528109%2358485_30986%23545019%2362063_30986%23537488%2360469_30986%23546628%2362403_30986%23537987%2360586_30986%23547837%2362654_30986%23538037%2360595%22%2C%22aplus_abtest%22%3A%2226ecdc462e532c41996cd3e5b8d11439%22%2C%22isLogin%22%3Atrue%2C%22abid%22%3A%22528214_527807_537217_521582_526067_533297_528944_530923_532805_528109_545019_537488_546628_537987_547837_538037%22%2C%22pc_pvid%22%3A%221b99dd68-0cbf-4ce6-a200-edad06c9e0ff%22%2C%22isWeekLogin%22%3Afalse%2C%22pc_alg_score%22%3A0.1619839987281%2C%22rn%22%3A6%2C%22item_ecpm%22%3A0%2C%22ump_price%22%3A%229.9%22%2C%22isXClose%22%3Afalse%2C%22x_object_id%22%3A774171695531%7D&
1050346183900,摔不烂钢化玻璃杯500ml耐摔高温硼硅双层玻璃杯保护套男士茶杯,,,,https://item.taobao.com/item.htm?id=1050346183900&xxc=home_recommend&scm=1007.40986.467924.0&pvid=1b99dd68-0cbf-4ce6-a200-edad06c9e0ff&skuId=6084504604645&mi_id=0000Hj5EDT7fOwh-cntizOUrw3z6ZJFdcb-z8m1Kk0m1qU0&utparam=%7B%22item_ctr%22%3A0.14457634091377258%2C%22x_object_type%22%3A%22item%22%2C%22matchType%22%3A%22dm_pvlist_odl%22%2C%22item_price%22%3A%223.52%22%2C%22item_cvr%22%3A0.009340032003819942%2C%22umpCalled%22%3Atrue%2C%22pc_ctr%22%3A0.0326269268989563%2C%22pc_scene%22%3A%2220001%22%2C%22userId%22%3A12808293%2C%22ab_info%22%3A%2230986%23467924%230_30986%23528214%2358507_30986%23527807%2358418_30986%23537217%2360408_30986%23521582%2357267_30986%23526067%2358189_30986%23533297%2359487_30986%23528944%2357910_30986%23530923%2359037_30986%23532805%2359017_30986%23528109%2358485_30986%23545019%2362063_30986%23537488%2360469_30986%23546628%2362403_30986%23537987%2360586_30986%23547837%2362654_30986%23538037%2360595%22%2C%22tpp_buckets%22%3A%2230986%23467924%230_30986%23528214%2358507_30986%23527807%2358418_30986%23537217%2360408_30986%23521582%2357267_30986%23526067%2358189_30986%23533297%2359487_30986%23528944%2357910_30986%23530923%2359037_30986%23532805%2359017_30986%23528109%2358485_30986%23545019%2362063_30986%23537488%2360469_30986%23546628%2362403_30986%23537987%2360586_30986%23547837%2362654_30986%23538037%2360595%22%2C%22aplus_abtest%22%3A%22e651d28b50892930054dfbfe5f941b47%22%2C%22isLogin%22%3Atrue%2C%22abid%22%3A%22528214_527807_537217_521582_526067_533297_528944_530923_532805_528109_545019_537488_546628_537987_547837_538037%22%2C%22pc_pvid%22%3A%221b99dd68-0cbf-4ce6-a200-edad06c9e0ff%22%2C%22isWeekLogin%22%3Afalse%2C%22pc_alg_score%22%3A0.133450643936%2C%22rn%22%3A7%2C%22item_ecpm%22%3A0%2C%22ump_price%22%3A%223.52%22%2C%22isXClose%22%3Afalse%2C%22x_object_id%22%3A1050346183900%7D&
821879895720,打工人牛马草坪工位懒人苔藓盆栽,,,,https://item.taobao.com/item.htm?id=821879895720&xxc=home_recommend&scm=1007.40986.467924.0&pvid=1b99dd68-0cbf-4ce6-a200-edad06c9e0ff&skuId=5598396509571&mi_id=0000X2gc-ljIKJDy_BiAvtodOOe9GcrZ1rXZCdrN4s5oDPM&utparam=%7B%22item_ctr%22%3A0.193955659866333%2C%22x_object_type%22%3A%22item%22%2C%22matchType%22%3A%22disc_dm_interest%22%2C%22item_price%22%3A%2218.6%22%2C%22item_cvr%22%3A0.0015011596260592341%2C%22umpCalled%22%3Atrue%2C%22pc_ctr%22%3A0.04109343886375427%2C%22pc_scene%22%3A%2220001%22%2C%22userId%22%3A12808293%2C%22ab_info%22%3A%2230986%23467924%230_30986%23528214%2358507_30986%23527807%2358418_30986%23537217%2360408_30986%23521582%2357267_30986%23526067%2358189_30986%23533297%2359487_30986%23528944%2357910_30986%23530923%2359037_30986%23532805%2359017_30986%23528109%2358485_30986%23545019%2362063_30986%23537488%2360469_30986%23546628%2362403_30986%23537987%2360586_30986%23547837%2362654_30986%23538037%2360595%22%2C%22tpp_buckets%22%3A%2230986%23467924%230_30986%23528214%2358507_30986%23527807%2358418_30986%23537217%2360408_30986%23521582%2357267_30986%23526067%2358189_30986%23533297%2359487_30986%23528944%2357910_30986%23530923%2359037_30986%23532805%2359017_30986%23528109%2358485_30986%23545019%2362063_30986%23537488%2360469_30986%23546628%2362403_30986%23537987%2360586_30986%23547837%2362654_30986%23538037%2360595%22%2C%22aplus_abtest%22%3A%22e1c932ec69e027bc1a83a87fd7456a06%22%2C%22isLogin%22%3Atrue%2C%22abid%22%3A%22528214_527807_537217_521582_526067_533297_528944_530923_532805_528109_545019_537488_546628_537987_547837_538037%22%2C%22pc_pvid%22%3A%221b99dd68-0cbf-4ce6-a200-edad06c9e0ff%22%2C%22isWeekLogin%22%3Afalse%2C%22pc_alg_score%22%3A0.1294799258618%2C%22rn%22%3A8%2C%22item_ecpm%22%3A0%2C%22ump_price%22%3A%2218.6%22%2C%22isXClose%22%3Afalse%2C%22x_object_id%22%3A821879895720%7D&
1032963960231,Apple/苹果 iPhone 17手机国行双卡新款iphone17双卡手机5g全网通,,,,https://item.taobao.com/item.htm?id=1032963960231&xxc=home_recommend&scm=1007.40986.467924.0&pvid=1b99dd68-0cbf-4ce6-a200-edad06c9e0ff&skuId=6045994565845&mi_id=0000l_oCmu12DBuinyj6tu_gkf0PzNt1AwbLQZtT6NiJPEY&utparam=%7B%22item_ctr%22%3A0.25776374340057373%2C%22x_object_type%22%3A%22item%22%2C%22matchType%22%3A%22nann_base%22%2C%22item_price%22%3A%223067.71%22%2C%22item_cvr%22%3A0.00004067792906425893%2C%22umpCalled%22%3Atrue%2C%22pc_ctr%22%3A0.07470697164535522%2C%22pc_scene%22%3A%2220001%22%2C%22userId%22%3A12808293%2C%22ab_info%22%3A%2230986%23467924%230_30986%23528214%2358507_30986%23527807%2358418_30986%23537217%2360408_30986%23521582%2357267_30986%23526067%2358189_30986%23533297%2359487_30986%23528944%2357910_30986%23530923%2359037_30986%23532805%2359017_30986%23528109%2358485_30986%23545019%2362063_30986%23537488%2360469_30986%23546628%2362403_30986%23537987%2360586_30986%23547837%2362654_30986%23538037%2360595%22%2C%22tpp_buckets%22%3A%2230986%23467924%230_30986%23528214%2358507_30986%23527807%2358418_30986%23537217%2360408_30986%23521582%2357267_30986%23526067%2358189_30986%23533297%2359487_30986%23528944%2357910_30986%23530923%2359037_30986%23532805%2359017_30986%23528109%2358485_30986%23545019%2362063_30986%23537488%2360469_30986%23546628%2362403_30986%23537987%2360586_30986%23547837%2362654_30986%23538037%2360595%22%2C%22aplus_abtest%22%3A%22b1906c484f7a46f064828b14dd3a0dcb%22%2C%22isLogin%22%3Atrue%2C%22abid%22%3A%22528214_527807_537217_521582_526067_533297_528944_530923_532805_528109_545019_537488_546628_537987_547837_538037%22%2C%22pc_pvid%22%3A%221b99dd68-0cbf-4ce6-a200-edad06c9e0ff%22%2C%22isWeekLogin%22%3Afalse%2C%22pc_alg_score%22%3A0.224368973496109%2C%22rn%22%3A9%2C%22item_ecpm%22%3A0%2C%22ump_price%22%3A%223067.71%22%2C%22isXClose%22%3Afalse%2C%22x_object_id%22%3A1032963960231%7D&
984303073135,"影视飓风""凉伴""2.0抗菌短袖T恤",,,,https://item.taobao.com/item.htm?id=984303073135&xxc=home_recommend&scm=1007.40986.467924.0&pvid=1b99dd68-0cbf-4ce6-a200-edad06c9e0ff&skuId=6217691467214&mi_id=0000Y5reQNAIa_friEMVfB-CiA3vPc-uDRi-Wx7mj5Jlv74&utparam=%7B%22item_ctr%22%3A0.0931340754032135%2C%22x_object_type%22%3A%22item%22%2C%22matchType%22%3A%22xhot%22%2C%22item_price%22%3A%2278.01%22%2C%22item_cvr%22%3A0.00626556808128953%2C%22umpCalled%22%3Atrue%2C%22pc_ctr%22%3A0.033289652317762375%2C%22pc_scene%22%3A%2220001%22%2C%22userId%22%3A12808293%2C%22ab_info%22%3A%2230986%23467924%230_30986%23528214%2358507_30986%23527807%2358418_30986%23537217%2360408_30986%23521582%2357267_30986%23526067%2358189_30986%23533297%2359487_30986%23528944%2357910_30986%23530923%2359037_30986%23532805%2359017_30986%23528109%2358485_30986%23545019%2362063_30986%23537488%2360469_30986%23546628%2362403_30986%23537987%2360586_30986%23547837%2362654_30986%23538037%2360595%22%2C%22tpp_buckets%22%3A%2230986%23467924%230_30986%23528214%2358507_30986%23527807%2358418_30986%23537217%2360408_30986%23521582%2357267_30986%23526067%2358189_30986%23533297%2359487_30986%23528944%2357910_30986%23530923%2359037_30986%23532805%2359017_30986%23528109%2358485_30986%23545019%2362063_30986%23537488%2360469_30986%23546628%2362403_30986%23537987%2360586_30986%23547837%2362654_30986%23538037%2360595%22%2C%22aplus_abtest%22%3A%223b8f24fe5a9d8078caee7ae4bfd3ddcd%22%2C%22isLogin%22%3Atrue%2C%22abid%22%3A%22528214_527807_537217_521582_526067_533297_528944_530923_532805_528109_545019_537488_546628_537987_547837_538037%22%2C%22pc_pvid%22%3A%221b99dd68-0cbf-4ce6-a200-edad06c9e0ff%22%2C%22isWeekLogin%22%3Afalse%2C%22pc_alg_score%22%3A0.123268154398%2C%22rn%22%3A10%2C%22item_ecpm%22%3A0%2C%22ump_price%22%3A%2278.01%22%2C%22isXClose%22%3Afalse%2C%22x_object_id%22%3A984303073135%7D&
949050549580,上课无聊了夹手机上看养在手上的微生物多迷人!带灯60倍显微镜,,,,https://item.taobao.com/item.htm?id=949050549580&xxc=home_recommend&scm=1007.40986.467924.0&pvid=1b99dd68-0cbf-4ce6-a200-edad06c9e0ff&skuId=6026932531166&mi_id=0000jyw_WUuYQ4lneH7gnoGdH7BepmU43AbZ2iWcom4yAOE&utparam=%7B%22item_ctr%22%3A0.2709118723869324%2C%22x_object_type%22%3A%22item%22%2C%22matchType%22%3A%22nann_base%22%2C%22item_price%22%3A%2213.8%22%2C%22item_cvr%22%3A0.00027157797012478113%2C%22umpCalled%22%3Atrue%2C%22pc_ctr%22%3A0.039026230573654175%2C%22pc_scene%22%3A%2220001%22%2C%22userId%22%3A12808293%2C%22ab_info%22%3A%2230986%23467924%230_30986%23528214%2358507_30986%23527807%2358418_30986%23537217%2360408_30986%23521582%2357267_30986%23526067%2358189_30986%23533297%2359487_30986%23528944%2357910_30986%23530923%2359037_30986%23532805%2359017_30986%23528109%2358485_30986%23545019%2362063_30986%23537488%2360469_30986%23546628%2362403_30986%23537987%2360586_30986%23547837%2362654_30986%23538037%2360595%22%2C%22tpp_buckets%22%3A%2230986%23467924%230_30986%23528214%2358507_30986%23527807%2358418_30986%23537217%2360408_30986%23521582%2357267_30986%23526067%2358189_30986%23533297%2359487_30986%23528944%2357910_30986%23530923%2359037_30986%23532805%2359017_30986%23528109%2358485_30986%23545019%2362063_30986%23537488%2360469_30986%23546628%2362403_30986%23537987%2360586_30986%23547837%2362654_30986%23538037%2360595%22%2C%22aplus_abtest%22%3A%22de70bc69ac4620f9f8b649d83d3cf387%22%2C%22isLogin%22%3Atrue%2C%22abid%22%3A%22528214_527807_537217_521582_526067_533297_528944_530923_532805_528109_545019_537488_546628_537987_547837_538037%22%2C%22pc_pvid%22%3A%221b99dd68-0cbf-4ce6-a200-edad06c9e0ff%22%2C%22isWeekLogin%22%3Afalse%2C%22pc_alg_score%22%3A0.11795883815058%2C%22rn%22%3A11%2C%22item_ecpm%22%3A0%2C%22ump_price%22%3A%2213.8%22%2C%22isXClose%22%3Afalse%2C%22x_object_id%22%3A949050549580%7D&
1049797289374,新款凡客瑕疵低帮男士软底帆布鞋轻便经典款黑色休闲运动百搭板鞋,,,,https://item.taobao.com/item.htm?id=1049797289374&xxc=home_recommend&scm=1007.40986.467924.0&pvid=1b99dd68-0cbf-4ce6-a200-edad06c9e0ff&skuId=6250017427877&mi_id=0000Uxo5e86a0ZK6zLSPmcnMI3PaFw8T-Q9QB7mJPplA3tI&utparam=%7B%22item_ctr%22%3A0.08552536368370056%2C%22x_object_type%22%3A%22item%22%2C%22matchType%22%3A%22dm_pvlist_odl%22%2C%22item_price%22%3A%2229.52%22%2C%22item_cvr%22%3A0.024987801909446716%2C%22umpCalled%22%3Atrue%2C%22pc_ctr%22%3A0.01847165822982788%2C%22pc_scene%22%3A%2220001%22%2C%22userId%22%3A12808293%2C%22ab_info%22%3A%2230986%23467924%230_30986%23528214%2358507_30986%23527807%2358418_30986%23537217%2360408_30986%23521582%2357267_30986%23526067%2358189_30986%23533297%2359487_30986%23528944%2357910_30986%23530923%2359037_30986%23532805%2359017_30986%23528109%2358485_30986%23545019%2362063_30986%23537488%2360469_30986%23546628%2362403_30986%23537987%2360586_30986%23547837%2362654_30986%23538037%2360595%22%2C%22tpp_buckets%22%3A%2230986%23467924%230_30986%23528214%2358507_30986%23527807%2358418_30986%23537217%2360408_30986%23521582%2357267_30986%23526067%2358189_30986%23533297%2359487_30986%23528944%2357910_30986%23530923%2359037_30986%23532805%2359017_30986%23528109%2358485_30986%23545019%2362063_30986%23537488%2360469_30986%23546628%2362403_30986%23537987%2360586_30986%23547837%2362654_30986%23538037%2360595%22%2C%22aplus_abtest%22%3A%221b1d69e821e52b7a510fa9ef3d541b68%22%2C%22isLogin%22%3Atrue%2C%22abid%22%3A%22528214_527807_537217_521582_526067_533297_528944_530923_532805_528109_545019_537488_546628_537987_547837_538037%22%2C%22pc_pvid%22%3A%221b99dd68-0cbf-4ce6-a200-edad06c9e0ff%22%2C%22isWeekLogin%22%3Afalse%2C%22pc_alg_score%22%3A0.116242148357%2C%22rn%22%3A12%2C%22item_ecpm%22%3A0%2C%22ump_price%22%3A%2229.52%22%2C%22isXClose%22%3Afalse%2C%22x_object_id%22%3A1049797289374%7D&
1010463789780,海澜之家山不在高系列短袖衬衫男,,,,https://item.taobao.com/item.htm?id=1010463789780&xxc=home_recommend&scm=1007.40986.467924.0&pvid=1b99dd68-0cbf-4ce6-a200-edad06c9e0ff&skuId=6011457969126&mi_id=0000aTjpnDgg3FA-stoZMswiLIq76ywslSgje17Z2yngSo8&utparam=%7B%22item_ctr%22%3A0.13263475894927979%2C%22x_object_type%22%3A%22item%22%2C%22matchType%22%3A%22nann_base%22%2C%22item_price%22%3A%22128%22%2C%22item_cvr%22%3A0.007636239752173424%2C%22umpCalled%22%3Atrue%2C%22pc_ctr%22%3A0.02991136908531189%2C%22pc_scene%22%3A%2220001%22%2C%22userId%22%3A12808293%2C%22ab_info%22%3A%2230986%23467924%230_30986%23528214%2358507_30986%23527807%2358418_30986%23537217%2360408_30986%23521582%2357267_30986%23526067%2358189_30986%23533297%2359487_30986%23528944%2357910_30986%23530923%2359037_30986%23532805%2359017_30986%23528109%2358485_30986%23545019%2362063_30986%23537488%2360469_30986%23546628%2362403_30986%23537987%2360586_30986%23547837%2362654_30986%23538037%2360595%22%2C%22tpp_buckets%22%3A%2230986%23467924%230_30986%23528214%2358507_30986%23527807%2358418_30986%23537217%2360408_30986%23521582%2357267_30986%23526067%2358189_30986%23533297%2359487_30986%23528944%2357910_30986%23530923%2359037_30986%23532805%2359017_30986%23528109%2358485_30986%23545019%2362063_30986%23537488%2360469_30986%23546628%2362403_30986%23537987%2360586_30986%23547837%2362654_30986%23538037%2360595%22%2C%22aplus_abtest%22%3A%22378347513e1848ea2a7d64b56fce5d06%22%2C%22isLogin%22%3Atrue%2C%22abid%22%3A%22528214_527807_537217_521582_526067_533297_528944_530923_532805_528109_545019_537488_546628_537987_547837_538037%22%2C%22pc_pvid%22%3A%221b99dd68-0cbf-4ce6-a200-edad06c9e0ff%22%2C%22isWeekLogin%22%3Afalse%2C%22pc_alg_score%22%3A0.115488785306%2C%22rn%22%3A13%2C%22item_ecpm%22%3A0%2C%22ump_price%22%3A%22128%22%2C%22isXClose%22%3Afalse%2C%22x_object_id%22%3A1010463789780%7D&
1047723553471,老树桂味荔枝!加购送1斤!顺丰,,,,https://item.taobao.com/item.htm?id=1047723553471&xxc=home_recommend&scm=1007.40986.467924.0&pvid=1b99dd68-0cbf-4ce6-a200-edad06c9e0ff&skuId=6239128111893&mi_id=0000ma0hOWvcoDCSBzVsSTJWOBySvM7S6OQdO8F3IVt0HPA&utparam=%7B%22item_ctr%22%3A0.08679860830307007%2C%22x_object_type%22%3A%22item%22%2C%22matchType%22%3A%22dm_pvlist_odl%22%2C%22item_price%22%3A%2263.8%22%2C%22item_cvr%22%3A0.0048674121499061584%2C%22umpCalled%22%3Atrue%2C%22pc_ctr%22%3A0.03188398480415344%2C%22pc_scene%22%3A%2220001%22%2C%22userId%22%3A12808293%2C%22ab_info%22%3A%2230986%23467924%230_30986%23528214%2358507_30986%23527807%2358418_30986%23537217%2360408_30986%23521582%2357267_30986%23526067%2358189_30986%23533297%2359487_30986%23528944%2357910_30986%23530923%2359037_30986%23532805%2359017_30986%23528109%2358485_30986%23545019%2362063_30986%23537488%2360469_30986%23546628%2362403_30986%23537987%2360586_30986%23547837%2362654_30986%23538037%2360595%22%2C%22tpp_buckets%22%3A%2230986%23467924%230_30986%23528214%2358507_30986%23527807%2358418_30986%23537217%2360408_30986%23521582%2357267_30986%23526067%2358189_30986%23533297%2359487_30986%23528944%2357910_30986%23530923%2359037_30986%23532805%2359017_30986%23528109%2358485_30986%23545019%2362063_30986%23537488%2360469_30986%23546628%2362403_30986%23537987%2360586_30986%23547837%2362654_30986%23538037%2360595%22%2C%22aplus_abtest%22%3A%220dd29ba94eb3a38a4dba61cb196e4ff8%22%2C%22isLogin%22%3Atrue%2C%22abid%22%3A%22528214_527807_537217_521582_526067_533297_528944_530923_532805_528109_545019_537488_546628_537987_547837_538037%22%2C%22pc_pvid%22%3A%221b99dd68-0cbf-4ce6-a200-edad06c9e0ff%22%2C%22isWeekLogin%22%3Afalse%2C%22pc_alg_score%22%3A0.1124893876283%2C%22rn%22%3A14%2C%22item_ecpm%22%3A0%2C%22ump_price%22%3A%2263.8%22%2C%22isXClose%22%3Afalse%2C%22x_object_id%22%3A1047723553471%7D&
921887729162,设计感速干背心男款夏季外穿t恤,,,,https://item.taobao.com/item.htm?id=921887729162&xxc=home_recommend&scm=1007.40986.467924.0&pvid=1b99dd68-0cbf-4ce6-a200-edad06c9e0ff&skuId=5962705070677&mi_id=0000-LGzO2XQ-r0BXitKLiFe4iZmCI_EL6S7yEm2UBnHpeA&utparam=%7B%22item_ctr%22%3A0.17920011281967163%2C%22x_object_type%22%3A%22item%22%2C%22matchType%22%3A%22nann_base%22%2C%22item_price%22%3A%2244%22%2C%22item_cvr%22%3A0.0014103432185947895%2C%22umpCalled%22%3Atrue%2C%22pc_ctr%22%3A0.03579464554786682%2C%22pc_scene%22%3A%2220001%22%2C%22userId%22%3A12808293%2C%22ab_info%22%3A%2230986%23467924%230_30986%23528214%2358507_30986%23527807%2358418_30986%23537217%2360408_30986%23521582%2357267_30986%23526067%2358189_30986%23533297%2359487_30986%23528944%2357910_30986%23530923%2359037_30986%23532805%2359017_30986%23528109%2358485_30986%23545019%2362063_30986%23537488%2360469_30986%23546628%2362403_30986%23537987%2360586_30986%23547837%2362654_30986%23538037%2360595%22%2C%22tpp_buckets%22%3A%2230986%23467924%230_30986%23528214%2358507_30986%23527807%2358418_30986%23537217%2360408_30986%23521582%2357267_30986%23526067%2358189_30986%23533297%2359487_30986%23528944%2357910_30986%23530923%2359037_30986%23532805%2359017_30986%23528109%2358485_30986%23545019%2362063_30986%23537488%2360469_30986%23546628%2362403_30986%23537987%2360586_30986%23547837%2362654_30986%23538037%2360595%22%2C%22aplus_abtest%22%3A%228a9dfa25686805ce88b96edd1970c970%22%2C%22isLogin%22%3Atrue%2C%22abid%22%3A%22528214_527807_537217_521582_526067_533297_528944_530923_532805_528109_545019_537488_546628_537987_547837_538037%22%2C%22pc_pvid%22%3A%221b99dd68-0cbf-4ce6-a200-edad06c9e0ff%22%2C%22isWeekLogin%22%3Afalse%2C%22pc_alg_score%22%3A0.1122795033693%2C%22rn%22%3A15%2C%22item_ecpm%22%3A0%2C%22ump_price%22%3A%2244%22%2C%22isXClose%22%3Afalse%2C%22x_object_id%22%3A921887729162%7D&
908888300800,TEABAG｜迷你牡丹鹦鹉生日礼物送女生朋友小鸟玩具bjd微缩ob116分,,,,https://item.taobao.com/item.htm?id=908888300800&xxc=home_recommend&scm=1007.40986.467924.0&pvid=1b99dd68-0cbf-4ce6-a200-edad06c9e0ff&skuId=5768418624604&mi_id=00009T0vf6Xak81yrgyT56d1Y1Gsx-_3DiDEPMWvdQCvxlU&utparam=%7B%22item_ctr%22%3A0.29247522354125977%2C%22x_object_type%22%3A%22item%22%2C%22matchType%22%3A%22nann_base%22%2C%22item_price%22%3A%22275%22%2C%22item_cvr%22%3A0.00015969805826898664%2C%22umpCalled%22%3Atrue%2C%22pc_ctr%22%3A0.03628614544868469%2C%22pc_scene%22%3A%2220001%22%2C%22userId%22%3A12808293%2C%22ab_info%22%3A%2230986%23467924%230_30986%23528214%2358507_30986%23527807%2358418_30986%23537217%2360408_30986%23521582%2357267_30986%23526067%2358189_30986%23533297%2359487_30986%23528944%2357910_30986%23530923%2359037_30986%23532805%2359017_30986%23528109%2358485_30986%23545019%2362063_30986%23537488%2360469_30986%23546628%2362403_30986%23537987%2360586_30986%23547837%2362654_30986%23538037%2360595%22%2C%22tpp_buckets%22%3A%2230986%23467924%230_30986%23528214%2358507_30986%23527807%2358418_30986%23537217%2360408_30986%23521582%2357267_30986%23526067%2358189_30986%23533297%2359487_30986%23528944%2357910_30986%23530923%2359037_30986%23532805%2359017_30986%23528109%2358485_30986%23545019%2362063_30986%23537488%2360469_30986%23546628%2362403_30986%23537987%2360586_30986%23547837%2362654_30986%23538037%2360595%22%2C%22aplus_abtest%22%3A%226e6cfd36a1149b8eb07b69688e870291%22%2C%22isLogin%22%3Atrue%2C%22abid%22%3A%22528214_527807_537217_521582_526067_533297_528944_530923_532805_528109_545019_537488_546628_537987_547837_538037%22%2C%22pc_pvid%22%3A%221b99dd68-0cbf-4ce6-a200-edad06c9e0ff%22%2C%22isWeekLogin%22%3Afalse%2C%22pc_alg_score%22%3A0.10931845692863%2C%22rn%22%3A16%2C%22item_ecpm%22%3A0%2C%22ump_price%22%3A%22275%22%2C%22isXClose%22%3Afalse%2C%22x_object_id%22%3A908888300800%7D&
974619066443,Apple/苹果 iPhone 17,,,,https://item.taobao.com/item.htm?id=974619066443&xxc=home_recommend&scm=1007.40986.467924.0&pvid=1b99dd68-0cbf-4ce6-a200-edad06c9e0ff&skuId=5928750201002&mi_id=0000YHJCAj4mrGcIDZyEFC0Rzj1_7VfDOqou5nB0ahe6Sg8&utparam=%7B%22item_ctr%22%3A0.13255387544631958%2C%22x_object_type%22%3A%22item%22%2C%22matchType%22%3A%22td%22%2C%22item_price%22%3A%225799%22%2C%22item_cvr%22%3A0.0007152414182201028%2C%22umpCalled%22%3Atrue%2C%22pc_ctr%22%3A0.054384052753448486%2C%22pc_scene%22%3A%2220001%22%2C%22userId%22%3A12808293%2C%22ab_info%22%3A%2230986%23467924%230_30986%23528214%2358507_30986%23527807%2358418_30986%23537217%2360408_30986%23521582%2357267_30986%23526067%2358189_30986%23533297%2359487_30986%23528944%2357910_30986%23530923%2359037_30986%23532805%2359017_30986%23528109%2358485_30986%23545019%2362063_30986%23537488%2360469_30986%23546628%2362403_30986%23537987%2360586_30986%23547837%2362654_30986%23538037%2360595%22%2C%22tpp_buckets%22%3A%2230986%23467924%230_30986%23528214%2358507_30986%23527807%2358418_30986%23537217%2360408_30986%23521582%2357267_30986%23526067%2358189_30986%23533297%2359487_30986%23528944%2357910_30986%23530923%2359037_30986%23532805%2359017_30986%23528109%2358485_30986%23545019%2362063_30986%23537488%2360469_30986%23546628%2362403_30986%23537987%2360586_30986%23547837%2362654_30986%23538037%2360595%22%2C%22aplus_abtest%22%3A%228b77e670d339175a3c8fc9d364f8adce%22%2C%22isLogin%22%3Atrue%2C%22abid%22%3A%22528214_527807_537217_521582_526067_533297_528944_530923_532805_528109_545019_537488_546628_537987_547837_538037%22%2C%22pc_pvid%22%3A%221b99dd68-0cbf-4ce6-a200-edad06c9e0ff%22%2C%22isWeekLogin%22%3Afalse%2C%22pc_alg_score%22%3A0.1671438205183%2C%22rn%22%3A17%2C%22item_ecpm%22%3A0%2C%22ump_price%22%3A%225799%22%2C%22isXClose%22%3Afalse%2C%22x_object_id%22%3A974619066443%7D&
897102040779,新疆棉 300g重磅厚实不透纯棉短袖t恤男女纯色圆领宽松学生大码夏,,,,https://item.taobao.com/item.htm?id=897102040779&xxc=home_recommend&scm=1007.40986.467924.0&pvid=1b99dd68-0cbf-4ce6-a200-edad06c9e0ff&skuId=5915268290097&mi_id=0000IRo4WZvwD_jaE4-ccby2NcEsJ7LZ5LQyxy7rL3DQJ1A&utparam=%7B%22item_ctr%22%3A0.09145301580429077%2C%22x_object_type%22%3A%22item%22%2C%22matchType%22%3A%22dm_allnet_pay%22%2C%22item_price%22%3A%2217.3%22%2C%22item_cvr%22%3A0.024987801909446716%2C%22umpCalled%22%3Atrue%2C%22pc_ctr%22%3A0.019657254219055176%2C%22pc_scene%22%3A%2220001%22%2C%22userId%22%3A12808293%2C%22ab_info%22%3A%2230986%23467924%230_30986%23528214%2358507_30986%23527807%2358418_30986%23537217%2360408_30986%23521582%2357267_30986%23526067%2358189_30986%23533297%2359487_30986%23528944%2357910_30986%23530923%2359037_30986%23532805%2359017_30986%23528109%2358485_30986%23545019%2362063_30986%23537488%2360469_30986%23546628%2362403_30986%23537987%2360586_30986%23547837%2362654_30986%23538037%2360595%22%2C%22tpp_buckets%22%3A%2230986%23467924%230_30986%23528214%2358507_30986%23527807%2358418_30986%23537217%2360408_30986%23521582%2357267_30986%23526067%2358189_30986%23533297%2359487_30986%23528944%2357910_30986%23530923%2359037_30986%23532805%2359017_30986%23528109%2358485_30986%23545019%2362063_30986%23537488%2360469_30986%23546628%2362403_30986%23537987%2360586_30986%23547837%2362654_30986%23538037%2360595%22%2C%22aplus_abtest%22%3A%22feddc61e9cec53617ee494968981dce5%22%2C%22isLogin%22%3Atrue%2C%22abid%22%3A%22528214_527807_537217_521582_526067_533297_528944_530923_532805_528109_545019_537488_546628_537987_547837_538037%22%2C%22pc_pvid%22%3A%221b99dd68-0cbf-4ce6-a200-edad06c9e0ff%22%2C%22isWeekLogin%22%3Afalse%2C%22pc_alg_score%22%3A0.122489970242%2C%22rn%22%3A18%2C%22item_ecpm%22%3A0%2C%22ump_price%22%3A%2217.3%22%2C%22isXClose%22%3Afalse%2C%22x_object_id%22%3A897102040779%7D&
1049043267504,2026头茬血桃！现摘现发果园直采,,,,https://item.taobao.com/item.htm?id=1049043267504&xxc=home_recommend&scm=1007.40986.467924.0&pvid=1b99dd68-0cbf-4ce6-a200-edad06c9e0ff&skuId=6246199387173&mi_id=0000jonEELUordcq8L1KpU5aSCVZiDe7iivI9C8DABe3ywo&utparam=%7B%22item_ctr%22%3A0.08540204167366028%2C%22x_object_type%22%3A%22item%22%2C%22matchType%22%3A%22xhot%22%2C%22item_price%22%3A%2216.8%22%2C%22item_cvr%22%3A0.014842352829873562%2C%22umpCalled%22%3Atrue%2C%22pc_ctr%22%3A0.022292256355285645%2C%22pc_scene%22%3A%2220001%22%2C%22userId%22%3A12808293%2C%22ab_info%22%3A%2230986%23467924%230_30986%23528214%2358507_30986%23527807%2358418_30986%23537217%2360408_30986%23521582%2357267_30986%23526067%2358189_30986%23533297%2359487_30986%23528944%2357910_30986%23530923%2359037_30986%23532805%2359017_30986%23528109%2358485_30986%23545019%2362063_30986%23537488%2360469_30986%23546628%2362403_30986%23537987%2360586_30986%23547837%2362654_30986%23538037%2360595%22%2C%22tpp_buckets%22%3A%2230986%23467924%230_30986%23528214%2358507_30986%23527807%2358418_30986%23537217%2360408_30986%23521582%2357267_30986%23526067%2358189_30986%23533297%2359487_30986%23528944%2357910_30986%23530923%2359037_30986%23532805%2359017_30986%23528109%2358485_30986%23545019%2362063_30986%23537488%2360469_30986%23546628%2362403_30986%23537987%2360586_30986%23547837%2362654_30986%23538037%2360595%22%2C%22aplus_abtest%22%3A%2294574875981162e5b8f2b2ffea5ecf65%22%2C%22isLogin%22%3Atrue%2C%22abid%22%3A%22528214_527807_537217_521582_526067_533297_528944_530923_532805_528109_545019_537488_546628_537987_547837_538037%22%2C%22pc_pvid%22%3A%221b99dd68-0cbf-4ce6-a200-edad06c9e0ff%22%2C%22isWeekLogin%22%3Afalse%2C%22pc_alg_score%22%3A0.106959306102%2C%22rn%22%3A19%2C%22item_ecpm%22%3A0%2C%22ump_price%22%3A%2216.8%22%2C%22isXClose%22%3Afalse%2C%22x_object_id%22%3A1049043267504%7D&
990152489961,风帆强力祛湿茶广西梧州老牌特产,,,,https://item.taobao.com/item.htm?id=990152489961&xxc=home_recommend&scm=1007.40986.467924.0&pvid=1b99dd68-0cbf-4ce6-a200-edad06c9e0ff&skuId=6123160895205&mi_id=0000JBi59kDdYsnxjud45ELzejTbSLKEpdQxO47m2V-WG8c&utparam=%7B%22item_ctr%22%3A0.18749985098838806%2C%22x_object_type%22%3A%22item%22%2C%22matchType%22%3A%22nann_base%22%2C%22item_price%22%3A%226.55%22%2C%22item_cvr%22%3A0.008219647221267223%2C%22umpCalled%22%3Atrue%2C%22pc_ctr%22%3A0.02624492347240448%2C%22pc_scene%22%3A%2220001%22%2C%22userId%22%3A12808293%2C%22ab_info%22%3A%2230986%23467924%230_30986%23528214%2358507_30986%23527807%2358418_30986%23537217%2360408_30986%23521582%2357267_30986%23526067%2358189_30986%23533297%2359487_30986%23528944%2357910_30986%23530923%2359037_30986%23532805%2359017_30986%23528109%2358485_30986%23545019%2362063_30986%23537488%2360469_30986%23546628%2362403_30986%23537987%2360586_30986%23547837%2362654_30986%23538037%2360595%22%2C%22tpp_buckets%22%3A%2230986%23467924%230_30986%23528214%2358507_30986%23527807%2358418_30986%23537217%2360408_30986%23521582%2357267_30986%23526067%2358189_30986%23533297%2359487_30986%23528944%2357910_30986%23530923%2359037_30986%23532805%2359017_30986%23528109%2358485_30986%23545019%2362063_30986%23537488%2360469_30986%23546628%2362403_30986%23537987%2360586_30986%23547837%2362654_30986%23538037%2360595%22%2C%22aplus_abtest%22%3A%22f314bf5650186f41c6ddc4dc64294ce4%22%2C%22isLogin%22%3Atrue%2C%22abid%22%3A%22528214_527807_537217_521582_526067_533297_528944_530923_532805_528109_545019_537488_546628_537987_547837_538037%22%2C%22pc_pvid%22%3A%221b99dd68-0cbf-4ce6-a200-edad06c9e0ff%22%2C%22isWeekLogin%22%3Afalse%2C%22pc_alg_score%22%3A0.103172791544%2C%22rn%22%3A20%2C%22item_ecpm%22%3A0%2C%22ump_price%22%3A%226.55%22%2C%22isXClose%22%3Afalse%2C%22x_object_id%22%3A990152489961%7D&
675517836125,爆米花软底轻便跑鞋情侣鞋运动,,,,https://item.taobao.com/item.htm?id=675517836125&xxc=home_recommend&scm=1007.40986.467924.0&pvid=1b99dd68-0cbf-4ce6-a200-edad06c9e0ff&skuId=4943811240697&mi_id=0000jWT2I19vUXJNBM2rvhqHjkerO6iUSEbSuBoeYbT1xjE&utparam=%7B%22item_ctr%22%3A0.1671198010444641%2C%22x_object_type%22%3A%22item%22%2C%22matchType%22%3A%22nann_base%22%2C%22item_price%22%3A%2242.64%22%2C%22item_cvr%22%3A0.008156252093613148%2C%22umpCalled%22%3Atrue%2C%22pc_ctr%22%3A0.026297450065612793%2C%22pc_scene%22%3A%2220001%22%2C%22userId%22%3A12808293%2C%22ab_info%22%3A%2230986%23467924%230_30986%23528214%2358507_30986%23527807%2358418_30986%23537217%2360408_30986%23521582%2357267_30986%23526067%2358189_30986%23533297%2359487_30986%23528944%2357910_30986%23530923%2359037_30986%23532805%2359017_30986%23528109%2358485_30986%23545019%2362063_30986%23537488%2360469_30986%23546628%2362403_30986%23537987%2360586_30986%23547837%2362654_30986%23538037%2360595%22%2C%22tpp_buckets%22%3A%2230986%23467924%230_30986%23528214%2358507_30986%23527807%2358418_30986%23537217%2360408_30986%23521582%2357267_30986%23526067%2358189_30986%23533297%2359487_30986%23528944%2357910_30986%23530923%2359037_30986%23532805%2359017_30986%23528109%2358485_30986%23545019%2362063_30986%23537488%2360469_30986%23546628%2362403_30986%23537987%2360586_30986%23547837%2362654_30986%23538037%2360595%22%2C%22aplus_abtest%22%3A%22f826af895c39506b99ec0a1380849b9a%22%2C%22isLogin%22%3Atrue%2C%22abid%22%3A%22528214_527807_537217_521582_526067_533297_528944_530923_532805_528109_545019_537488_546628_537987_547837_538037%22%2C%22pc_pvid%22%3A%221b99dd68-0cbf-4ce6-a200-edad06c9e0ff%22%2C%22isWeekLogin%22%3Afalse%2C%22pc_alg_score%22%3A0.103171527991%2C%22rn%22%3A21%2C%22item_ecpm%22%3A0%2C%22ump_price%22%3A%2242.64%22%2C%22isXClose%22%3Afalse%2C%22x_object_id%22%3A675517836125%7D&
836428063577,耿马露珠一级200克袋装口粮茶,,,,https://item.taobao.com/item.htm?id=836428063577&xxc=home_recommend&scm=1007.40986.467924.0&pvid=1b99dd68-0cbf-4ce6-a200-edad06c9e0ff&mi_id=0000yv5upJXYslKJeRGEx1C49VLrXwlNW2QenCjOdb-yeFc&utparam=%7B%22item_ctr%22%3A0.09134611487388611%2C%22x_object_type%22%3A%22item%22%2C%22matchType%22%3A%22dm_pvlist_odl%22%2C%22item_price%22%3A%2211.42%22%2C%22item_cvr%22%3A0.0076066879555583%2C%22umpCalled%22%3Atrue%2C%22pc_ctr%22%3A0.026185452938079834%2C%22pc_scene%22%3A%2220001%22%2C%22userId%22%3A12808293%2C%22ab_info%22%3A%2230986%23467924%230_30986%23528214%2358507_30986%23527807%2358418_30986%23537217%2360408_30986%23521582%2357267_30986%23526067%2358189_30986%23533297%2359487_30986%23528944%2357910_30986%23530923%2359037_30986%23532805%2359017_30986%23528109%2358485_30986%23545019%2362063_30986%23537488%2360469_30986%23546628%2362403_30986%23537987%2360586_30986%23547837%2362654_30986%23538037%2360595%22%2C%22tpp_buckets%22%3A%2230986%23467924%230_30986%23528214%2358507_30986%23527807%2358418_30986%23537217%2360408_30986%23521582%2357267_30986%23526067%2358189_30986%23533297%2359487_30986%23528944%2357910_30986%23530923%2359037_30986%23532805%2359017_30986%23528109%2358485_30986%23545019%2362063_30986%23537488%2360469_30986%23546628%2362403_30986%23537987%2360586_30986%23547837%2362654_30986%23538037%2360595%22%2C%22aplus_abtest%22%3A%22423bb916084367ad50eb905eb1ef33f4%22%2C%22isLogin%22%3Atrue%2C%22abid%22%3A%22528214_527807_537217_521582_526067_533297_528944_530923_532805_528109_545019_537488_546628_537987_547837_538037%22%2C%22pc_pvid%22%3A%221b99dd68-0cbf-4ce6-a200-edad06c9e0ff%22%2C%22isWeekLogin%22%3Afalse%2C%22pc_alg_score%22%3A0.100975558893%2C%22rn%22%3A22%2C%22item_ecpm%22%3A0%2C%22ump_price%22%3A%2211.42%22%2C%22isXClose%22%3Afalse%2C%22x_object_id%22%3A836428063577%7D&
941674649242,外穿懒人一脚蹬渔夫鞋透气半拖,,,,https://item.taobao.com/item.htm?id=941674649242&xxc=home_recommend&scm=1007.40986.467924.0&pvid=1b99dd68-0cbf-4ce6-a200-edad06c9e0ff&skuId=6208614827913&mi_id=0000UJ1PjwdcF1kv9TNGnHxI6M6phEvLypz2Snagp1ikzcM&utparam=%7B%22item_ctr%22%3A0.2552751898765564%2C%22x_object_type%22%3A%22item%22%2C%22matchType%22%3A%22nann_base%22%2C%22item_price%22%3A%2248.97%22%2C%22item_cvr%22%3A0.0011559055419638753%2C%22umpCalled%22%3Atrue%2C%22pc_ctr%22%3A0.03234866261482239%2C%22pc_scene%22%3A%2220001%22%2C%22userId%22%3A12808293%2C%22ab_info%22%3A%2230986%23467924%230_30986%23528214%2358507_30986%23527807%2358418_30986%23537217%2360408_30986%23521582%2357267_30986%23526067%2358189_30986%23533297%2359487_30986%23528944%2357910_30986%23530923%2359037_30986%23532805%2359017_30986%23528109%2358485_30986%23545019%2362063_30986%23537488%2360469_30986%23546628%2362403_30986%23537987%2360586_30986%23547837%2362654_30986%23538037%2360595%22%2C%22tpp_buckets%22%3A%2230986%23467924%230_30986%23528214%2358507_30986%23527807%2358418_30986%23537217%2360408_30986%23521582%2357267_30986%23526067%2358189_30986%23533297%2359487_30986%23528944%2357910_30986%23530923%2359037_30986%23532805%2359017_30986%23528109%2358485_30986%23545019%2362063_30986%23537488%2360469_30986%23546628%2362403_30986%23537987%2360586_30986%23547837%2362654_30986%23538037%2360595%22%2C%22aplus_abtest%22%3A%2260cf84a7f39be1cadc023326d9ee197b%22%2C%22isLogin%22%3Atrue%2C%22abid%22%3A%22528214_527807_537217_521582_526067_533297_528944_530923_532805_528109_545019_537488_546628_537987_547837_538037%22%2C%22pc_pvid%22%3A%221b99dd68-0cbf-4ce6-a200-edad06c9e0ff%22%2C%22isWeekLogin%22%3Afalse%2C%22pc_alg_score%22%3A0.1005857015746%2C%22rn%22%3A23%2C%22item_ecpm%22%3A0%2C%22ump_price%22%3A%2248.97%22%2C%22isXClose%22%3Afalse%2C%22x_object_id%22%3A941674649242%7D&
812961451858,纯亚麻短袖t恤男夏季中国风宽松薄款V领上衣复古休闲半袖麻料体恤,,,,https://item.taobao.com/item.htm?id=812961451858&xxc=home_recommend&scm=1007.40986.467924.0&pvid=1b99dd68-0cbf-4ce6-a200-edad06c9e0ff&skuId=5675620998522&mi_id=0000ebKWiANkC8nMl1k-pIWcfp-nNA1CkrmDRuMIL8ZCrWA&utparam=%7B%22item_ctr%22%3A0.09553241729736328%2C%22x_object_type%22%3A%22item%22%2C%22matchType%22%3A%22nann_base%22%2C%22item_price%22%3A%228.63%22%2C%22item_cvr%22%3A0.006363574881106615%2C%22umpCalled%22%3Atrue%2C%22pc_ctr%22%3A0.026671558618545532%2C%22pc_scene%22%3A%2220001%22%2C%22userId%22%3A12808293%2C%22ab_info%22%3A%2230986%23467924%230_30986%23528214%2358507_30986%23527807%2358418_30986%23537217%2360408_30986%23521582%2357267_30986%23526067%2358189_30986%23533297%2359487_30986%23528944%2357910_30986%23530923%2359037_30986%23532805%2359017_30986%23528109%2358485_30986%23545019%2362063_30986%23537488%2360469_30986%23546628%2362403_30986%23537987%2360586_30986%23547837%2362654_30986%23538037%2360595%22%2C%22tpp_buckets%22%3A%2230986%23467924%230_30986%23528214%2358507_30986%23527807%2358418_30986%23537217%2360408_30986%23521582%2357267_30986%23526067%2358189_30986%23533297%2359487_30986%23528944%2357910_30986%23530923%2359037_30986%23532805%2359017_30986%23528109%2358485_30986%23545019%2362063_30986%23537488%2360469_30986%23546628%2362403_30986%23537987%2360586_30986%23547837%2362654_30986%23538037%2360595%22%2C%22aplus_abtest%22%3A%2236fd9138c332ae49ab7c075696228e3f%22%2C%22isLogin%22%3Atrue%2C%22abid%22%3A%22528214_527807_537217_521582_526067_533297_528944_530923_532805_528109_545019_537488_546628_537987_547837_538037%22%2C%22pc_pvid%22%3A%221b99dd68-0cbf-4ce6-a200-edad06c9e0ff%22%2C%22isWeekLogin%22%3Afalse%2C%22pc_alg_score%22%3A0.0988080684374%2C%22rn%22%3A24%2C%22item_ecpm%22%3A0%2C%22ump_price%22%3A%228.63%22%2C%22isXClose%22%3Afalse%2C%22x_object_id%22%3A812961451858%7D&
1042705467453,永远不会过期的日历？,,,,https://item.taobao.com/item.htm?id=1042705467453&xxc=home_recommend&scm=1007.40986.467924.0&pvid=279bbba5-1921-459a-9299-21067c302509&skuId=6066815585486&mi_id=0000F2lOAh_ZM743xTiGZBtbXOfsTml_6AJtCqNZNHpmZC4&utparam=%7B%22item_ctr%22%3A0.20541802048683167%2C%22x_object_type%22%3A%22item%22%2C%22matchType%22%3A%22nann_base%22%2C%22item_price%22%3A%2216.8%22%2C%22item_cvr%22%3A0.0002736898313742131%2C%22umpCalled%22%3Atrue%2C%22pc_ctr%22%3A0.09189531207084656%2C%22pc_scene%22%3A%2220001%22%2C%22userId%22%3A12808293%2C%22ab_info%22%3A%2230986%23467924%230_30986%23528214%2358507_30986%23527807%2358418_30986%23537217%2360408_30986%23521582%2357267_30986%23526067%2358189_30986%23533297%2359487_30986%23528944%2357910_30986%23530923%2359037_30986%23532805%2359017_30986%23528109%2358485_30986%23545019%2362063_30986%23537488%2360469_30986%23546628%2362403_30986%23537987%2360586_30986%23547837%2362654_30986%23538037%2360595%22%2C%22tpp_buckets%22%3A%2230986%23467924%230_30986%23528214%2358507_30986%23527807%2358418_30986%23537217%2360408_30986%23521582%2357267_30986%23526067%2358189_30986%23533297%2359487_30986%23528944%2357910_30986%23530923%2359037_30986%23532805%2359017_30986%23528109%2358485_30986%23545019%2362063_30986%23537488%2360469_30986%23546628%2362403_30986%23537987%2360586_30986%23547837%2362654_30986%23538037%2360595%22%2C%22aplus_abtest%22%3A%222890cbbcb5f5828a72841a0532bd2e95%22%2C%22isLogin%22%3Atrue%2C%22abid%22%3A%22528214_527807_537217_521582_526067_533297_528944_530923_532805_528109_545019_537488_546628_537987_547837_538037%22%2C%22pc_pvid%22%3A%22279bbba5-1921-459a-9299-21067c302509%22%2C%22isWeekLogin%22%3Afalse%2C%22pc_alg_score%22%3A0.27893063917214%2C%22rn%22%3A0%2C%22item_ecpm%22%3A0%2C%22ump_price%22%3A%2216.8%22%2C%22isXClose%22%3Afalse%2C%22x_object_id%22%3A1042705467453%7D&
978708217030,iPhone 17 Pro Max苹果手机官方,,,,https://item.taobao.com/item.htm?id=978708217030&xxc=home_recommend&scm=1007.40986.467924.0&pvid=279bbba5-1921-459a-9299-21067c302509&skuId=6100171943029&mi_id=00007-c3M7m1je0rFgNsRHjmZxEOjn7O5XnWI0jCfHVgjAs&utparam=%7B%22item_ctr%22%3A0.1718883514404297%2C%22x_object_type%22%3A%22item%22%2C%22matchType%22%3A%22nann_base%22%2C%22item_price%22%3A%22926%22%2C%22item_cvr%22%3A0.0003682826063595712%2C%22umpCalled%22%3Atrue%2C%22pc_ctr%22%3A0.051191478967666626%2C%22pc_scene%22%3A%2220001%22%2C%22userId%22%3A12808293%2C%22ab_info%22%3A%2230986%23467924%230_30986%23528214%2358507_30986%23527807%2358418_30986%23537217%2360408_30986%23521582%2357267_30986%23526067%2358189_30986%23533297%2359487_30986%23528944%2357910_30986%23530923%2359037_30986%23532805%2359017_30986%23528109%2358485_30986%23545019%2362063_30986%23537488%2360469_30986%23546628%2362403_30986%23537987%2360586_30986%23547837%2362654_30986%23538037%2360595%22%2C%22tpp_buckets%22%3A%2230986%23467924%230_30986%23528214%2358507_30986%23527807%2358418_30986%23537217%2360408_30986%23521582%2357267_30986%23526067%2358189_30986%23533297%2359487_30986%23528944%2357910_30986%23530923%2359037_30986%23532805%2359017_30986%23528109%2358485_30986%23545019%2362063_30986%23537488%2360469_30986%23546628%2362403_30986%23537987%2360586_30986%23547837%2362654_30986%23538037%2360595%22%2C%22aplus_abtest%22%3A%22d88c72026c63c28fc490eb0dee447217%22%2C%22isLogin%22%3Atrue%2C%22abid%22%3A%22528214_527807_537217_521582_526067_533297_528944_530923_532805_528109_545019_537488_546628_537987_547837_538037%22%2C%22pc_pvid%22%3A%22279bbba5-1921-459a-9299-21067c302509%22%2C%22isWeekLogin%22%3Afalse%2C%22pc_alg_score%22%3A0.15529611812601%2C%22rn%22%3A1%2C%22item_ecpm%22%3A0%2C%22ump_price%22%3A%22926%22%2C%22isXClose%22%3Afalse%2C%22x_object_id%22%3A978708217030%7D&
911732940405,真维斯男士短袖夏季美式纯棉圆领,,,,https://item.taobao.com/item.htm?id=911732940405&xxc=home_recommend&scm=1007.40986.467924.0&pvid=279bbba5-1921-459a-9299-21067c302509&skuId=5970934336804&mi_id=00007J8tHjlCCXlMrpPU_VR4r5VK1PvT0jaH-2HbYNp4eUg&utparam=%7B%22item_ctr%22%3A0.04630681872367859%2C%22x_object_type%22%3A%22item%22%2C%22matchType%22%3A%22dm_allnet_pay%22%2C%22item_price%22%3A%2229.9%22%2C%22item_cvr%22%3A0.015723951160907745%2C%22umpCalled%22%3Atrue%2C%22pc_ctr%22%3A0.028452157974243164%2C%22pc_scene%22%3A%2220001%22%2C%22userId%22%3A12808293%2C%22ab_info%22%3A%2230986%23467924%230_30986%23528214%2358507_30986%23527807%2358418_30986%23537217%2360408_30986%23521582%2357267_30986%23526067%2358189_30986%23533297%2359487_30986%23528944%2357910_30986%23530923%2359037_30986%23532805%2359017_30986%23528109%2358485_30986%23545019%2362063_30986%23537488%2360469_30986%23546628%2362403_30986%23537987%2360586_30986%23547837%2362654_30986%23538037%2360595%22%2C%22tpp_buckets%22%3A%2230986%23467924%230_30986%23528214%2358507_30986%23527807%2358418_30986%23537217%2360408_30986%23521582%2357267_30986%23526067%2358189_30986%23533297%2359487_30986%23528944%2357910_30986%23530923%2359037_30986%23532805%2359017_30986%23528109%2358485_30986%23545019%2362063_30986%23537488%2360469_30986%23546628%2362403_30986%23537987%2360586_30986%23547837%2362654_30986%23538037%2360595%22%2C%22aplus_abtest%22%3A%223d27db9afde8b713a50917eddce3240a%22%2C%22isLogin%22%3Atrue%2C%22abid%22%3A%22528214_527807_537217_521582_526067_533297_528944_530923_532805_528109_545019_537488_546628_537987_547837_538037%22%2C%22pc_pvid%22%3A%22279bbba5-1921-459a-9299-21067c302509%22%2C%22isWeekLogin%22%3Afalse%2C%22pc_alg_score%22%3A0.139309658426%2C%22rn%22%3A2%2C%22item_ecpm%22%3A0%2C%22ump_price%22%3A%2229.9%22%2C%22isXClose%22%3Afalse%2C%22x_object_id%22%3A911732940405%7D&
1052592776730,正宗四川汶川青脆五月脆凤凰李子脱骨新鲜水果蜂糖孕妇半边茵红,,,,https://item.taobao.com/item.htm?id=1052592776730&xxc=home_recommend&scm=1007.40986.467924.0&pvid=279bbba5-1921-459a-9299-21067c302509&skuId=6248022643327&mi_id=0000qdIp9waCUh71cjoh7BbwvUYbgXOQjD7TUlDjYzwEQcQ&utparam=%7B%22item_ctr%22%3A0.05170035362243652%2C%22x_object_type%22%3A%22item%22%2C%22matchType%22%3A%22xhot%22%2C%22item_price%22%3A%228.88%22%2C%22item_cvr%22%3A0.013171938247978687%2C%22umpCalled%22%3Atrue%2C%22pc_ctr%22%3A0.02595558762550354%2C%22pc_scene%22%3A%2220001%22%2C%22userId%22%3A12808293%2C%22ab_info%22%3A%2230986%23467924%230_30986%23528214%2358507_30986%23527807%2358418_30986%23537217%2360408_30986%23521582%2357267_30986%23526067%2358189_30986%23533297%2359487_30986%23528944%2357910_30986%23530923%2359037_30986%23532805%2359017_30986%23528109%2358485_30986%23545019%2362063_30986%23537488%2360469_30986%23546628%2362403_30986%23537987%2360586_30986%23547837%2362654_30986%23538037%2360595%22%2C%22tpp_buckets%22%3A%2230986%23467924%230_30986%23528214%2358507_30986%23527807%2358418_30986%23537217%2360408_30986%23521582%2357267_30986%23526067%2358189_30986%23533297%2359487_30986%23528944%2357910_30986%23530923%2359037_30986%23532805%2359017_30986%23528109%2358485_30986%23545019%2362063_30986%23537488%2360469_30986%23546628%2362403_30986%23537987%2360586_30986%23547837%2362654_30986%23538037%2360595%22%2C%22aplus_abtest%22%3A%2280edfd45781561411e5c4f713d39ed69%22%2C%22isLogin%22%3Atrue%2C%22abid%22%3A%22528214_527807_537217_521582_526067_533297_528944_530923_532805_528109_545019_537488_546628_537987_547837_538037%22%2C%22pc_pvid%22%3A%22279bbba5-1921-459a-9299-21067c302509%22%2C%22isWeekLogin%22%3Afalse%2C%22pc_alg_score%22%3A0.118243108984%2C%22rn%22%3A3%2C%22item_ecpm%22%3A0%2C%22ump_price%22%3A%228.88%22%2C%22isXClose%22%3Afalse%2C%22x_object_id%22%3A1052592776730%7D&
670667206774,安徽特产麻油绿豆糕老式传统糕点手工绿豆糕250g盒装小时候味道,,,,https://item.taobao.com/item.htm?id=670667206774&xxc=home_recommend&scm=1007.40986.467924.0&pvid=279bbba5-1921-459a-9299-21067c302509&skuId=5908759547207&mi_id=0000A6BB2eLeSCB6f-wfaSZkB5ot3LqXBhmYmmfrcs8hxFA&utparam=%7B%22item_ctr%22%3A0.04737544059753418%2C%22x_object_type%22%3A%22item%22%2C%22matchType%22%3A%22dm_allnet_pay%22%2C%22item_price%22%3A%225.13%22%2C%22item_cvr%22%3A0.029873086139559746%2C%22umpCalled%22%3Atrue%2C%22pc_ctr%22%3A0.01647847890853882%2C%22pc_scene%22%3A%2220001%22%2C%22userId%22%3A12808293%2C%22ab_info%22%3A%2230986%23467924%230_30986%23528214%2358507_30986%23527807%2358418_30986%23537217%2360408_30986%23521582%2357267_30986%23526067%2358189_30986%23533297%2359487_30986%23528944%2357910_30986%23530923%2359037_30986%23532805%2359017_30986%23528109%2358485_30986%23545019%2362063_30986%23537488%2360469_30986%23546628%2362403_30986%23537987%2360586_30986%23547837%2362654_30986%23538037%2360595%22%2C%22tpp_buckets%22%3A%2230986%23467924%230_30986%23528214%2358507_30986%23527807%2358418_30986%23537217%2360408_30986%23521582%2357267_30986%23526067%2358189_30986%23533297%2359487_30986%23528944%2357910_30986%23530923%2359037_30986%23532805%2359017_30986%23528109%2358485_30986%23545019%2362063_30986%23537488%2360469_30986%23546628%2362403_30986%23537987%2360586_30986%23547837%2362654_30986%23538037%2360595%22%2C%22aplus_abtest%22%3A%22c6347c72123d2c0f9a4dba1048fe930c%22%2C%22isLogin%22%3Atrue%2C%22abid%22%3A%22528214_527807_537217_521582_526067_533297_528944_530923_532805_528109_545019_537488_546628_537987_547837_538037%22%2C%22pc_pvid%22%3A%22279bbba5-1921-459a-9299-21067c302509%22%2C%22isWeekLogin%22%3Afalse%2C%22pc_alg_score%22%3A0.117902594707%2C%22rn%22%3A4%2C%22item_ecpm%22%3A0%2C%22ump_price%22%3A%225.13%22%2C%22isXClose%22%3Afalse%2C%22x_object_id%22%3A670667206774%7D&
708273946161,安吉原产地高品质碎片,,,,https://item.taobao.com/item.htm?id=708273946161&xxc=home_recommend&scm=1007.40986.467924.0&pvid=279bbba5-1921-459a-9299-21067c302509&skuId=5146659611648&mi_id=0000jDmj-LtLtB_rikGIkt7F8jF_Paolgbpmm4QJjpCAAlI&utparam=%7B%22item_ctr%22%3A0.04948693513870239%2C%22x_object_type%22%3A%22item%22%2C%22matchType%22%3A%22disc_dm_pvlist%22%2C%22item_price%22%3A%2227.31%22%2C%22item_cvr%22%3A0.008348070085048676%2C%22umpCalled%22%3Atrue%2C%22pc_ctr%22%3A0.02718636393547058%2C%22pc_scene%22%3A%2220001%22%2C%22userId%22%3A12808293%2C%22ab_info%22%3A%2230986%23467924%230_30986%23528214%2358507_30986%23527807%2358418_30986%23537217%2360408_30986%23521582%2357267_30986%23526067%2358189_30986%23533297%2359487_30986%23528944%2357910_30986%23530923%2359037_30986%23532805%2359017_30986%23528109%2358485_30986%23545019%2362063_30986%23537488%2360469_30986%23546628%2362403_30986%23537987%2360586_30986%23547837%2362654_30986%23538037%2360595%22%2C%22tpp_buckets%22%3A%2230986%23467924%230_30986%23528214%2358507_30986%23527807%2358418_30986%23537217%2360408_30986%23521582%2357267_30986%23526067%2358189_30986%23533297%2359487_30986%23528944%2357910_30986%23530923%2359037_30986%23532805%2359017_30986%23528109%2358485_30986%23545019%2362063_30986%23537488%2360469_30986%23546628%2362403_30986%23537987%2360586_30986%23547837%2362654_30986%23538037%2360595%22%2C%22aplus_abtest%22%3A%22937735f2643d8942af39ec58956932fc%22%2C%22isLogin%22%3Atrue%2C%22abid%22%3A%22528214_527807_537217_521582_526067_533297_528944_530923_532805_528109_545019_537488_546628_537987_547837_538037%22%2C%22pc_pvid%22%3A%22279bbba5-1921-459a-9299-21067c302509%22%2C%22isWeekLogin%22%3Afalse%2C%22pc_alg_score%22%3A0.10727142909%2C%22rn%22%3A5%2C%22item_ecpm%22%3A0%2C%22ump_price%22%3A%2227.31%22%2C%22isXClose%22%3Afalse%2C%22x_object_id%22%3A708273946161%7D&
951922080286,疯猫克星！薄荷响纸蛇 玩到虚脱,,,,https://item.taobao.com/item.htm?id=951922080286&xxc=home_recommend&scm=1007.40986.467924.0&pvid=279bbba5-1921-459a-9299-21067c302509&skuId=6212094799810&mi_id=0000M2YuNecz3_uUarM14a-pB4yToc7wMDmA2cvwxGfwoRM&utparam=%7B%22item_ctr%22%3A0.10978960990905762%2C%22x_object_type%22%3A%22item%22%2C%22matchType%22%3A%22dm_pvlist_odl%22%2C%22item_price%22%3A%224.87%22%2C%22item_cvr%22%3A0.003914802800863981%2C%22umpCalled%22%3Atrue%2C%22pc_ctr%22%3A0.02953660488128662%2C%22pc_scene%22%3A%2220001%22%2C%22userId%22%3A12808293%2C%22ab_info%22%3A%2230986%23467924%230_30986%23528214%2358507_30986%23527807%2358418_30986%23537217%2360408_30986%23521582%2357267_30986%23526067%2358189_30986%23533297%2359487_30986%23528944%2357910_30986%23530923%2359037_30986%23532805%2359017_30986%23528109%2358485_30986%23545019%2362063_30986%23537488%2360469_30986%23546628%2362403_30986%23537987%2360586_30986%23547837%2362654_30986%23538037%2360595%22%2C%22tpp_buckets%22%3A%2230986%23467924%230_30986%23528214%2358507_30986%23527807%2358418_30986%23537217%2360408_30986%23521582%2357267_30986%23526067%2358189_30986%23533297%2359487_30986%23528944%2357910_30986%23530923%2359037_30986%23532805%2359017_30986%23528109%2358485_30986%23545019%2362063_30986%23537488%2360469_30986%23546628%2362403_30986%23537987%2360586_30986%23547837%2362654_30986%23538037%2360595%22%2C%22aplus_abtest%22%3A%222959e57cdb1c5986406aca3ed7792886%22%2C%22isLogin%22%3Atrue%2C%22abid%22%3A%22528214_527807_537217_521582_526067_533297_528944_530923_532805_528109_545019_537488_546628_537987_547837_538037%22%2C%22pc_pvid%22%3A%22279bbba5-1921-459a-9299-21067c302509%22%2C%22isWeekLogin%22%3Afalse%2C%22pc_alg_score%22%3A0.1008374159263%2C%22rn%22%3A6%2C%22item_ecpm%22%3A0%2C%22ump_price%22%3A%224.87%22%2C%22isXClose%22%3Afalse%2C%22x_object_id%22%3A951922080286%7D&
1053212708953,蒙阴黄油蟠桃黄金油桃,,,,https://item.taobao.com/item.htm?id=1053212708953&xxc=home_recommend&scm=1007.40986.467924.0&pvid=279bbba5-1921-459a-9299-21067c302509&skuId=6250892130377&mi_id=00002-3S18Hsw9MnubOH6W_mo-9O7nAJBYPgnT_58J2fUUo&utparam=%7B%22item_ctr%22%3A0.0721537172794342%2C%22x_object_type%22%3A%22item%22%2C%22matchType%22%3A%22dm_pvlist_odl%22%2C%22item_price%22%3A%2224.4%22%2C%22item_cvr%22%3A0.010448615998029709%2C%22umpCalled%22%3Atrue%2C%22pc_ctr%22%3A0.023512303829193115%2C%22pc_scene%22%3A%2220001%22%2C%22userId%22%3A12808293%2C%22ab_info%22%3A%2230986%23467924%230_30986%23528214%2358507_30986%23527807%2358418_30986%23537217%2360408_30986%23521582%2357267_30986%23526067%2358189_30986%23533297%2359487_30986%23528944%2357910_30986%23530923%2359037_30986%23532805%2359017_30986%23528109%2358485_30986%23545019%2362063_30986%23537488%2360469_30986%23546628%2362403_30986%23537987%2360586_30986%23547837%2362654_30986%23538037%2360595%22%2C%22tpp_buckets%22%3A%2230986%23467924%230_30986%23528214%2358507_30986%23527807%2358418_30986%23537217%2360408_30986%23521582%2357267_30986%23526067%2358189_30986%23533297%2359487_30986%23528944%2357910_30986%23530923%2359037_30986%23532805%2359017_30986%23528109%2358485_30986%23545019%2362063_30986%23537488%2360469_30986%23546628%2362403_30986%23537987%2360586_30986%23547837%2362654_30986%23538037%2360595%22%2C%22aplus_abtest%22%3A%222a81d83fc3d5de23e4e2198dfdc29756%22%2C%22isLogin%22%3Atrue%2C%22abid%22%3A%22528214_527807_537217_521582_526067_533297_528944_530923_532805_528109_545019_537488_546628_537987_547837_538037%22%2C%22pc_pvid%22%3A%22279bbba5-1921-459a-9299-21067c302509%22%2C%22isWeekLogin%22%3Afalse%2C%22pc_alg_score%22%3A0.099257271889%2C%22rn%22%3A7%2C%22item_ecpm%22%3A0%2C%22ump_price%22%3A%2224.4%22%2C%22isXClose%22%3Afalse%2C%22x_object_id%22%3A1053212708953%7D&
821824199279,无印良品 MUJI 修身裤,,,,https://item.taobao.com/item.htm?id=821824199279&xxc=home_recommend&scm=1007.40986.467924.0&pvid=279bbba5-1921-459a-9299-21067c302509&skuId=5702478163870&mi_id=00006CqEHVJj2NHUOeJCEcVUJVaATmKEtu1TEzOK_4HYu7I&utparam=%7B%22item_ctr%22%3A0.15757548809051514%2C%22x_object_type%22%3A%22item%22%2C%22matchType%22%3A%22dm_allipv%22%2C%22item_price%22%3A%2259.5%22%2C%22item_cvr%22%3A0.00028686062432825565%2C%22umpCalled%22%3Atrue%2C%22pc_ctr%22%3A0.03257554769515991%2C%22pc_scene%22%3A%2220001%22%2C%22userId%22%3A12808293%2C%22ab_info%22%3A%2230986%23467924%230_30986%23528214%2358507_30986%23527807%2358418_30986%23537217%2360408_30986%23521582%2357267_30986%23526067%2358189_30986%23533297%2359487_30986%23528944%2357910_30986%23530923%2359037_30986%23532805%2359017_30986%23528109%2358485_30986%23545019%2362063_30986%23537488%2360469_30986%23546628%2362403_30986%23537987%2360586_30986%23547837%2362654_30986%23538037%2360595%22%2C%22tpp_buckets%22%3A%2230986%23467924%230_30986%23528214%2358507_30986%23527807%2358418_30986%23537217%2360408_30986%23521582%2357267_30986%23526067%2358189_30986%23533297%2359487_30986%23528944%2357910_30986%23530923%2359037_30986%23532805%2359017_30986%23528109%2358485_30986%23545019%2362063_30986%23537488%2360469_30986%23546628%2362403_30986%23537987%2360586_30986%23547837%2362654_30986%23538037%2360595%22%2C%22aplus_abtest%22%3A%22be53e234d0d8c0f42b0503a0c0769c2c%22%2C%22isLogin%22%3Atrue%2C%22abid%22%3A%22528214_527807_537217_521582_526067_533297_528944_530923_532805_528109_545019_537488_546628_537987_547837_538037%22%2C%22pc_pvid%22%3A%22279bbba5-1921-459a-9299-21067c302509%22%2C%22isWeekLogin%22%3Afalse%2C%22pc_alg_score%22%3A0.09851461416246%2C%22rn%22%3A8%2C%22item_ecpm%22%3A0%2C%22ump_price%22%3A%2259.5%22%2C%22isXClose%22%3Afalse%2C%22x_object_id%22%3A821824199279%7D&
835715171087,Apple/ iPhone 17 现货速发,,,,https://item.taobao.com/item.htm?id=835715171087&xxc=home_recommend&scm=1007.40986.467924.0&pvid=279bbba5-1921-459a-9299-21067c302509&skuId=6099167910677&mi_id=0000Y-Y2A24ee7wOzRicLxNT84w0dQTDatmMnmF4ssF9E18&utparam=%7B%22item_ctr%22%3A0.11953863501548767%2C%22x_object_type%22%3A%22item%22%2C%22matchType%22%3A%22dm_pvlist_odl%22%2C%22item_price%22%3A%225299%22%2C%22item_cvr%22%3A0.0003741079999599606%2C%22umpCalled%22%3Atrue%2C%22pc_ctr%22%3A0.04383993148803711%2C%22pc_scene%22%3A%2220001%22%2C%22userId%22%3A12808293%2C%22ab_info%22%3A%2230986%23467924%230_30986%23528214%2358507_30986%23527807%2358418_30986%23537217%2360408_30986%23521582%2357267_30986%23526067%2358189_30986%23533297%2359487_30986%23528944%2357910_30986%23530923%2359037_30986%23532805%2359017_30986%23528109%2358485_30986%23545019%2362063_30986%23537488%2360469_30986%23546628%2362403_30986%23537987%2360586_30986%23547837%2362654_30986%23538037%2360595%22%2C%22tpp_buckets%22%3A%2230986%23467924%230_30986%23528214%2358507_30986%23527807%2358418_30986%23537217%2360408_30986%23521582%2357267_30986%23526067%2358189_30986%23533297%2359487_30986%23528944%2357910_30986%23530923%2359037_30986%23532805%2359017_30986%23528109%2358485_30986%23545019%2362063_30986%23537488%2360469_30986%23546628%2362403_30986%23537987%2360586_30986%23547837%2362654_30986%23538037%2360595%22%2C%22aplus_abtest%22%3A%22076ac79419235b42b029e6a20ea5625c%22%2C%22isLogin%22%3Atrue%2C%22abid%22%3A%22528214_527807_537217_521582_526067_533297_528944_530923_532805_528109_545019_537488_546628_537987_547837_538037%22%2C%22pc_pvid%22%3A%22279bbba5-1921-459a-9299-21067c302509%22%2C%22isWeekLogin%22%3Afalse%2C%22pc_alg_score%22%3A0.13294957624434%2C%22rn%22%3A9%2C%22item_ecpm%22%3A0%2C%22ump_price%22%3A%225299%22%2C%22isXClose%22%3Afalse%2C%22x_object_id%22%3A835715171087%7D&
16769184837,高性价比茉莉花茶北京无糖茶叶,,,,https://item.taobao.com/item.htm?id=16769184837&xxc=home_recommend&scm=1007.40986.467924.0&pvid=279bbba5-1921-459a-9299-21067c302509&skuId=6188594086343&mi_id=0000lzJHimC_HrUoQg0mpJ1tplYTjW_y_mXKr1R5M5lJ2G8&utparam=%7B%22item_ctr%22%3A0.06327280402183533%2C%22x_object_type%22%3A%22item%22%2C%22matchType%22%3A%22disc_dm_pvlist%22%2C%22item_price%22%3A%2259.4%22%2C%22item_cvr%22%3A0.007815900258719921%2C%22umpCalled%22%3Atrue%2C%22pc_ctr%22%3A0.025211870670318604%2C%22pc_scene%22%3A%2220001%22%2C%22userId%22%3A12808293%2C%22ab_info%22%3A%2230986%23467924%230_30986%23528214%2358507_30986%23527807%2358418_30986%23537217%2360408_30986%23521582%2357267_30986%23526067%2358189_30986%23533297%2359487_30986%23528944%2357910_30986%23530923%2359037_30986%23532805%2359017_30986%23528109%2358485_30986%23545019%2362063_30986%23537488%2360469_30986%23546628%2362403_30986%23537987%2360586_30986%23547837%2362654_30986%23538037%2360595%22%2C%22tpp_buckets%22%3A%2230986%23467924%230_30986%23528214%2358507_30986%23527807%2358418_30986%23537217%2360408_30986%23521582%2357267_30986%23526067%2358189_30986%23533297%2359487_30986%23528944%2357910_30986%23530923%2359037_30986%23532805%2359017_30986%23528109%2358485_30986%23545019%2362063_30986%23537488%2360469_30986%23546628%2362403_30986%23537987%2360586_30986%23547837%2362654_30986%23538037%2360595%22%2C%22aplus_abtest%22%3A%2279e567acbc0d7f517a4e73ad56360ac9%22%2C%22isLogin%22%3Atrue%2C%22abid%22%3A%22528214_527807_537217_521582_526067_533297_528944_530923_532805_528109_545019_537488_546628_537987_547837_538037%22%2C%22pc_pvid%22%3A%22279bbba5-1921-459a-9299-21067c302509%22%2C%22isWeekLogin%22%3Afalse%2C%22pc_alg_score%22%3A0.0979405538848%2C%22rn%22%3A10%2C%22item_ecpm%22%3A0%2C%22ump_price%22%3A%2259.4%22%2C%22isXClose%22%3Afalse%2C%22x_object_id%22%3A16769184837%7D&
773871936162,安徽特产手工制作麻油绿豆糕老式甜点茶点传统糕点怀旧零食小吃,,,,https://item.taobao.com/item.htm?id=773871936162&xxc=home_recommend&scm=1007.40986.467924.0&pvid=279bbba5-1921-459a-9299-21067c302509&skuId=5748897724402&mi_id=0000kuakwLVr8BNoOPTrgL_ZflHDrPPEwSDW58RCUIOpj8w&utparam=%7B%22item_ctr%22%3A0.043896496295928955%2C%22x_object_type%22%3A%22item%22%2C%22matchType%22%3A%22disc_dm_interest%22%2C%22item_price%22%3A%225.8%22%2C%22item_cvr%22%3A0.021409740671515465%2C%22umpCalled%22%3Atrue%2C%22pc_ctr%22%3A0.016436636447906494%2C%22pc_scene%22%3A%2220001%22%2C%22userId%22%3A12808293%2C%22ab_info%22%3A%2230986%23467924%230_30986%23528214%2358507_30986%23527807%2358418_30986%23537217%2360408_30986%23521582%2357267_30986%23526067%2358189_30986%23533297%2359487_30986%23528944%2357910_30986%23530923%2359037_30986%23532805%2359017_30986%23528109%2358485_30986%23545019%2362063_30986%23537488%2360469_30986%23546628%2362403_30986%23537987%2360586_30986%23547837%2362654_30986%23538037%2360595%22%2C%22tpp_buckets%22%3A%2230986%23467924%230_30986%23528214%2358507_30986%23527807%2358418_30986%23537217%2360408_30986%23521582%2357267_30986%23526067%2358189_30986%23533297%2359487_30986%23528944%2357910_30986%23530923%2359037_30986%23532805%2359017_30986%23528109%2358485_30986%23545019%2362063_30986%23537488%2360469_30986%23546628%2362403_30986%23537987%2360586_30986%23547837%2362654_30986%23538037%2360595%22%2C%22aplus_abtest%22%3A%22687ad1f5de0d40f3b5192f94d4ed5f32%22%2C%22isLogin%22%3Atrue%2C%22abid%22%3A%22528214_527807_537217_521582_526067_533297_528944_530923_532805_528109_545019_537488_546628_537987_547837_538037%22%2C%22pc_pvid%22%3A%22279bbba5-1921-459a-9299-21067c302509%22%2C%22isWeekLogin%22%3Afalse%2C%22pc_alg_score%22%3A0.09749669576%2C%22rn%22%3A11%2C%22item_ecpm%22%3A0%2C%22ump_price%22%3A%225.8%22%2C%22isXClose%22%3Afalse%2C%22x_object_id%22%3A773871936162%7D&
798394644757,无印良品 MUJI 男式 夹克,,,,https://item.taobao.com/item.htm?id=798394644757&xxc=home_recommend&scm=1007.40986.467924.0&pvid=279bbba5-1921-459a-9299-21067c302509&skuId=5439827360720&mi_id=0000wVFvlCgwUp3w_sdyQ0dQ59MlLb9Np2sIxdUS2aAFOfg&utparam=%7B%22item_ctr%22%3A0.16135933995246887%2C%22x_object_type%22%3A%22item%22%2C%22matchType%22%3A%22dm_pvlist_odl%22%2C%22item_price%22%3A%22185%22%2C%22item_cvr%22%3A0.005364048294723034%2C%22umpCalled%22%3Atrue%2C%22pc_ctr%22%3A0.027176856994628906%2C%22pc_scene%22%3A%2220001%22%2C%22userId%22%3A12808293%2C%22ab_info%22%3A%2230986%23467924%230_30986%23528214%2358507_30986%23527807%2358418_30986%23537217%2360408_30986%23521582%2357267_30986%23526067%2358189_30986%23533297%2359487_30986%23528944%2357910_30986%23530923%2359037_30986%23532805%2359017_30986%23528109%2358485_30986%23545019%2362063_30986%23537488%2360469_30986%23546628%2362403_30986%23537987%2360586_30986%23547837%2362654_30986%23538037%2360595%22%2C%22tpp_buckets%22%3A%2230986%23467924%230_30986%23528214%2358507_30986%23527807%2358418_30986%23537217%2360408_30986%23521582%2357267_30986%23526067%2358189_30986%23533297%2359487_30986%23528944%2357910_30986%23530923%2359037_30986%23532805%2359017_30986%23528109%2358485_30986%23545019%2362063_30986%23537488%2360469_30986%23546628%2362403_30986%23537987%2360586_30986%23547837%2362654_30986%23538037%2360595%22%2C%22aplus_abtest%22%3A%22fe426e3d4df1dab9c30a3c1503e459b5%22%2C%22isLogin%22%3Atrue%2C%22abid%22%3A%22528214_527807_537217_521582_526067_533297_528944_530923_532805_528109_545019_537488_546628_537987_547837_538037%22%2C%22pc_pvid%22%3A%22279bbba5-1921-459a-9299-21067c302509%22%2C%22isWeekLogin%22%3Afalse%2C%22pc_alg_score%22%3A0.0974200899141%2C%22rn%22%3A12%2C%22item_ecpm%22%3A0%2C%22ump_price%22%3A%22185%22%2C%22isXClose%22%3Afalse%2C%22x_object_id%22%3A798394644757%7D&
1026121327766,亚狮龙夏季薄款商务牛仔裤弹力,,,,https://item.taobao.com/item.htm?id=1026121327766&xxc=home_recommend&scm=1007.40986.467924.0&pvid=279bbba5-1921-459a-9299-21067c302509&skuId=6203412946272&mi_id=0000DWGNuEOy4-t6oSWcwxFz4VXE496gtJffzWlzSzQsTEk&utparam=%7B%22item_ctr%22%3A0.14949479699134827%2C%22x_object_type%22%3A%22item%22%2C%22matchType%22%3A%22gouhou_unpv%22%2C%22item_price%22%3A%22162.24%22%2C%22item_cvr%22%3A0.009303964674472809%2C%22umpCalled%22%3Atrue%2C%22pc_ctr%22%3A0.02388864755630493%2C%22pc_scene%22%3A%2220001%22%2C%22userId%22%3A12808293%2C%22ab_info%22%3A%2230986%23467924%230_30986%23528214%2358507_30986%23527807%2358418_30986%23537217%2360408_30986%23521582%2357267_30986%23526067%2358189_30986%23533297%2359487_30986%23528944%2357910_30986%23530923%2359037_30986%23532805%2359017_30986%23528109%2358485_30986%23545019%2362063_30986%23537488%2360469_30986%23546628%2362403_30986%23537987%2360586_30986%23547837%2362654_30986%23538037%2360595%22%2C%22tpp_buckets%22%3A%2230986%23467924%230_30986%23528214%2358507_30986%23527807%2358418_30986%23537217%2360408_30986%23521582%2357267_30986%23526067%2358189_30986%23533297%2359487_30986%23528944%2357910_30986%23530923%2359037_30986%23532805%2359017_30986%23528109%2358485_30986%23545019%2362063_30986%23537488%2360469_30986%23546628%2362403_30986%23537987%2360586_30986%23547837%2362654_30986%23538037%2360595%22%2C%22aplus_abtest%22%3A%2278fa1bbafa4a2432a9aa250c3e2fef57%22%2C%22isLogin%22%3Atrue%2C%22abid%22%3A%22528214_527807_537217_521582_526067_533297_528944_530923_532805_528109_545019_537488_546628_537987_547837_538037%22%2C%22pc_pvid%22%3A%22279bbba5-1921-459a-9299-21067c302509%22%2C%22isWeekLogin%22%3Afalse%2C%22pc_alg_score%22%3A0.0973550907717%2C%22rn%22%3A13%2C%22item_ecpm%22%3A0%2C%22ump_price%22%3A%22162.24%22%2C%22isXClose%22%3Afalse%2C%22x_object_id%22%3A1026121327766%7D&
1020757367886,宽松简约跑步运动短裤PUMA彪马,,,,https://item.taobao.com/item.htm?id=1020757367886&xxc=home_recommend&scm=1007.40986.467924.0&pvid=279bbba5-1921-459a-9299-21067c302509&skuId=6198477063708&mi_id=0000R3Y_AMoJLwWNpJ8STmZL4kbArLSrzYi-4uO0XpY1Nyw&utparam=%7B%22item_ctr%22%3A0.03454628586769104%2C%22x_object_type%22%3A%22item%22%2C%22matchType%22%3A%22dm_pvlist_odl%22%2C%22item_price%22%3A%2279%22%2C%22item_cvr%22%3A0.02328631840646267%2C%22umpCalled%22%3Atrue%2C%22pc_ctr%22%3A0.015377551317214966%2C%22pc_scene%22%3A%2220001%22%2C%22userId%22%3A12808293%2C%22ab_info%22%3A%2230986%23467924%230_30986%23528214%2358507_30986%23527807%2358418_30986%23537217%2360408_30986%23521582%2357267_30986%23526067%2358189_30986%23533297%2359487_30986%23528944%2357910_30986%23530923%2359037_30986%23532805%2359017_30986%23528109%2358485_30986%23545019%2362063_30986%23537488%2360469_30986%23546628%2362403_30986%23537987%2360586_30986%23547837%2362654_30986%23538037%2360595%22%2C%22tpp_buckets%22%3A%2230986%23467924%230_30986%23528214%2358507_30986%23527807%2358418_30986%23537217%2360408_30986%23521582%2357267_30986%23526067%2358189_30986%23533297%2359487_30986%23528944%2357910_30986%23530923%2359037_30986%23532805%2359017_30986%23528109%2358485_30986%23545019%2362063_30986%23537488%2360469_30986%23546628%2362403_30986%23537987%2360586_30986%23547837%2362654_30986%23538037%2360595%22%2C%22aplus_abtest%22%3A%22b5108f76cb2d1e8be820d7554336aa87%22%2C%22isLogin%22%3Atrue%2C%22abid%22%3A%22528214_527807_537217_521582_526067_533297_528944_530923_532805_528109_545019_537488_546628_537987_547837_538037%22%2C%22pc_pvid%22%3A%22279bbba5-1921-459a-9299-21067c302509%22%2C%22isWeekLogin%22%3Afalse%2C%22pc_alg_score%22%3A0.096982880757%2C%22rn%22%3A14%2C%22item_ecpm%22%3A0%2C%22ump_price%22%3A%2279%22%2C%22isXClose%22%3Afalse%2C%22x_object_id%22%3A1020757367886%7D&
1050536987612,【顺丰到家】蒙阴黄金油蟠桃脆甜,,,,https://item.taobao.com/item.htm?id=1050536987612&xxc=home_recommend&scm=1007.40986.467924.0&pvid=279bbba5-1921-459a-9299-21067c302509&skuId=6250689010386&mi_id=0000UUIYbk-Et0KdJPVPrGSAd3SKelGYE_Cxl3wf5y0Yp7M&utparam=%7B%22item_ctr%22%3A0.059455931186676025%2C%22x_object_type%22%3A%22item%22%2C%22matchType%22%3A%22dm_pvlist_odl%22%2C%22item_price%22%3A%2223.8%22%2C%22item_cvr%22%3A0.012100370600819588%2C%22umpCalled%22%3Atrue%2C%22pc_ctr%22%3A0.021311551332473755%2C%22pc_scene%22%3A%2220001%22%2C%22userId%22%3A12808293%2C%22ab_info%22%3A%2230986%23467924%230_30986%23528214%2358507_30986%23527807%2358418_30986%23537217%2360408_30986%23521582%2357267_30986%23526067%2358189_30986%23533297%2359487_30986%23528944%2357910_30986%23530923%2359037_30986%23532805%2359017_30986%23528109%2358485_30986%23545019%2362063_30986%23537488%2360469_30986%23546628%2362403_30986%23537987%2360586_30986%23547837%2362654_30986%23538037%2360595%22%2C%22tpp_buckets%22%3A%2230986%23467924%230_30986%23528214%2358507_30986%23527807%2358418_30986%23537217%2360408_30986%23521582%2357267_30986%23526067%2358189_30986%23533297%2359487_30986%23528944%2357910_30986%23530923%2359037_30986%23532805%2359017_30986%23528109%2358485_30986%23545019%2362063_30986%23537488%2360469_30986%23546628%2362403_30986%23537987%2360586_30986%23547837%2362654_30986%23538037%2360595%22%2C%22aplus_abtest%22%3A%22f70542eaa5c98c070aef3637105b7637%22%2C%22isLogin%22%3Atrue%2C%22abid%22%3A%22528214_527807_537217_521582_526067_533297_528944_530923_532805_528109_545019_537488_546628_537987_547837_538037%22%2C%22pc_pvid%22%3A%22279bbba5-1921-459a-9299-21067c302509%22%2C%22isWeekLogin%22%3Afalse%2C%22pc_alg_score%22%3A0.095032451877%2C%22rn%22%3A15%2C%22item_ecpm%22%3A0%2C%22ump_price%22%3A%2223.8%22%2C%22isXClose%22%3Afalse%2C%22x_object_id%22%3A1050536987612%7D&
1050245354227,iPhone 17 手机国行正品5G新款 iphone17现货苹果17苹果十七手机,,,,https://item.taobao.com/item.htm?id=1050245354227&xxc=home_recommend&scm=1007.40986.467924.0&pvid=279bbba5-1921-459a-9299-21067c302509&skuId=6081467916704&mi_id=0000Mk4tYINnKr0T384FL3yR8c9ZpqWN022FJ2At-EgppHU&utparam=%7B%22item_ctr%22%3A0.1572107970714569%2C%22x_object_type%22%3A%22item%22%2C%22matchType%22%3A%22nann_base%22%2C%22item_price%22%3A%224999%22%2C%22item_cvr%22%3A0.00010146363638341427%2C%22umpCalled%22%3Atrue%2C%22pc_ctr%22%3A0.0376305878162384%2C%22pc_scene%22%3A%2220001%22%2C%22userId%22%3A12808293%2C%22ab_info%22%3A%2230986%23467924%230_30986%23528214%2358507_30986%23527807%2358418_30986%23537217%2360408_30986%23521582%2357267_30986%23526067%2358189_30986%23533297%2359487_30986%23528944%2357910_30986%23530923%2359037_30986%23532805%2359017_30986%23528109%2358485_30986%23545019%2362063_30986%23537488%2360469_30986%23546628%2362403_30986%23537987%2360586_30986%23547837%2362654_30986%23538037%2360595%22%2C%22tpp_buckets%22%3A%2230986%23467924%230_30986%23528214%2358507_30986%23527807%2358418_30986%23537217%2360408_30986%23521582%2357267_30986%23526067%2358189_30986%23533297%2359487_30986%23528944%2357910_30986%23530923%2359037_30986%23532805%2359017_30986%23528109%2358485_30986%23545019%2362063_30986%23537488%2360469_30986%23546628%2362403_30986%23537987%2360586_30986%23547837%2362654_30986%23538037%2360595%22%2C%22aplus_abtest%22%3A%22749ef1dd00578abf3c96016fad802041%22%2C%22isLogin%22%3Atrue%2C%22abid%22%3A%22528214_527807_537217_521582_526067_533297_528944_530923_532805_528109_545019_537488_546628_537987_547837_538037%22%2C%22pc_pvid%22%3A%22279bbba5-1921-459a-9299-21067c302509%22%2C%22isWeekLogin%22%3Afalse%2C%22pc_alg_score%22%3A0.11318276373706%2C%22rn%22%3A17%2C%22item_ecpm%22%3A0%2C%22ump_price%22%3A%224999%22%2C%22isXClose%22%3Afalse%2C%22x_object_id%22%3A1050245354227%7D&
947917792846,外贸50美刀 亨利领竹节棉T恤,,,,https://item.taobao.com/item.htm?id=947917792846&xxc=home_recommend&scm=1007.40986.467924.0&pvid=279bbba5-1921-459a-9299-21067c302509&skuId=5854391244312&mi_id=0000QaD6Svw6yBWID6soGl_r_8V4qLz2cIG7bDhpLVJJyOs&utparam=%7B%22item_ctr%22%3A0.08311116695404053%2C%22x_object_type%22%3A%22item%22%2C%22matchType%22%3A%22nann_base%22%2C%22item_price%22%3A%2242.38%22%2C%22item_cvr%22%3A0.007093851920217276%2C%22umpCalled%22%3Atrue%2C%22pc_ctr%22%3A0.032098352909088135%2C%22pc_scene%22%3A%2220001%22%2C%22userId%22%3A12808293%2C%22ab_info%22%3A%2230986%23467924%230_30986%23528214%2358507_30986%23527807%2358418_30986%23537217%2360408_30986%23521582%2357267_30986%23526067%2358189_30986%23533297%2359487_30986%23528944%2357910_30986%23530923%2359037_30986%23532805%2359017_30986%23528109%2358485_30986%23545019%2362063_30986%23537488%2360469_30986%23546628%2362403_30986%23537987%2360586_30986%23547837%2362654_30986%23538037%2360595%22%2C%22tpp_buckets%22%3A%2230986%23467924%230_30986%23528214%2358507_30986%23527807%2358418_30986%23537217%2360408_30986%23521582%2357267_30986%23526067%2358189_30986%23533297%2359487_30986%23528944%2357910_30986%23530923%2359037_30986%23532805%2359017_30986%23528109%2358485_30986%23545019%2362063_30986%23537488%2360469_30986%23546628%2362403_30986%23537987%2360586_30986%23547837%2362654_30986%23538037%2360595%22%2C%22aplus_abtest%22%3A%2234429a32d971d9ca966be0040702948b%22%2C%22isLogin%22%3Atrue%2C%22abid%22%3A%22528214_527807_537217_521582_526067_533297_528944_530923_532805_528109_545019_537488_546628_537987_547837_538037%22%2C%22pc_pvid%22%3A%22279bbba5-1921-459a-9299-21067c302509%22%2C%22isWeekLogin%22%3Afalse%2C%22pc_alg_score%22%3A0.122010515144%2C%22rn%22%3A18%2C%22item_ecpm%22%3A0%2C%22ump_price%22%3A%2242.38%22%2C%22isXClose%22%3Afalse%2C%22x_object_id%22%3A947917792846%7D&
931066428601,短袖t恤男夏季新款重磅纯棉,,,,https://item.taobao.com/item.htm?id=931066428601&xxc=home_recommend&scm=1007.40986.467924.0&pvid=279bbba5-1921-459a-9299-21067c302509&skuId=6055638768312&mi_id=0000KrWPtW5CgST-PZGBR0X3kG94e8BxdjpbbthS-q6TwS0&utparam=%7B%22item_ctr%22%3A0.07885897159576416%2C%22x_object_type%22%3A%22item%22%2C%22matchType%22%3A%22dm_interest%22%2C%22item_price%22%3A%2229.9%22%2C%22item_cvr%22%3A0.009708509780466557%2C%22umpCalled%22%3Atrue%2C%22pc_ctr%22%3A0.030030786991119385%2C%22pc_scene%22%3A%2220001%22%2C%22userId%22%3A12808293%2C%22ab_info%22%3A%2230986%23467924%230_30986%23528214%2358507_30986%23527807%2358418_30986%23537217%2360408_30986%23521582%2357267_30986%23526067%2358189_30986%23533297%2359487_30986%23528944%2357910_30986%23530923%2359037_30986%23532805%2359017_30986%23528109%2358485_30986%23545019%2362063_30986%23537488%2360469_30986%23546628%2362403_30986%23537987%2360586_30986%23547837%2362654_30986%23538037%2360595%22%2C%22tpp_buckets%22%3A%2230986%23467924%230_30986%23528214%2358507_30986%23527807%2358418_30986%23537217%2360408_30986%23521582%2357267_30986%23526067%2358189_30986%23533297%2359487_30986%23528944%2357910_30986%23530923%2359037_30986%23532805%2359017_30986%23528109%2358485_30986%23545019%2362063_30986%23537488%2360469_30986%23546628%2362403_30986%23537987%2360586_30986%23547837%2362654_30986%23538037%2360595%22%2C%22aplus_abtest%22%3A%22268a6b9c4289139880e145d5f6e037a6%22%2C%22isLogin%22%3Atrue%2C%22abid%22%3A%22528214_527807_537217_521582_526067_533297_528944_530923_532805_528109_545019_537488_546628_537987_547837_538037%22%2C%22pc_pvid%22%3A%22279bbba5-1921-459a-9299-21067c302509%22%2C%22isWeekLogin%22%3Afalse%2C%22pc_alg_score%22%3A0.12378500616%2C%22rn%22%3A19%2C%22item_ecpm%22%3A0%2C%22ump_price%22%3A%2229.9%22%2C%22isXClose%22%3Afalse%2C%22x_object_id%22%3A931066428601%7D&
964827878361,四川汶川青脆李脱骨李冰糖李脆甜李新鲜孕妇水果5斤空运包邮李子,,,,https://item.taobao.com/item.htm?id=964827878361&xxc=home_recommend&scm=1007.40986.467924.0&pvid=279bbba5-1921-459a-9299-21067c302509&skuId=6073508139344&mi_id=0000UFORMZFglYd14kaLjBYMcDz1ZkncJAX7zzX7ZhaUYGI&utparam=%7B%22item_ctr%22%3A0.047121673822402954%2C%22x_object_type%22%3A%22item%22%2C%22matchType%22%3A%22dm_pvlist_odl%22%2C%22item_price%22%3A%2216%22%2C%22item_cvr%22%3A0.012194150127470493%2C%22umpCalled%22%3Atrue%2C%22pc_ctr%22%3A0.020990878343582153%2C%22pc_scene%22%3A%2220001%22%2C%22userId%22%3A12808293%2C%22ab_info%22%3A%2230986%23467924%230_30986%23528214%2358507_30986%23527807%2358418_30986%23537217%2360408_30986%23521582%2357267_30986%23526067%2358189_30986%23533297%2359487_30986%23528944%2357910_30986%23530923%2359037_30986%23532805%2359017_30986%23528109%2358485_30986%23545019%2362063_30986%23537488%2360469_30986%23546628%2362403_30986%23537987%2360586_30986%23547837%2362654_30986%23538037%2360595%22%2C%22tpp_buckets%22%3A%2230986%23467924%230_30986%23528214%2358507_30986%23527807%2358418_30986%23537217%2360408_30986%23521582%2357267_30986%23526067%2358189_30986%23533297%2359487_30986%23528944%2357910_30986%23530923%2359037_30986%23532805%2359017_30986%23528109%2358485_30986%23545019%2362063_30986%23537488%2360469_30986%23546628%2362403_30986%23537987%2360586_30986%23547837%2362654_30986%23538037%2360595%22%2C%22aplus_abtest%22%3A%223d952186f605ae236b633dc6ca737eab%22%2C%22isLogin%22%3Atrue%2C%22abid%22%3A%22528214_527807_537217_521582_526067_533297_528944_530923_532805_528109_545019_537488_546628_537987_547837_538037%22%2C%22pc_pvid%22%3A%22279bbba5-1921-459a-9299-21067c302509%22%2C%22isWeekLogin%22%3Afalse%2C%22pc_alg_score%22%3A0.093979284046%2C%22rn%22%3A20%2C%22item_ecpm%22%3A0%2C%22ump_price%22%3A%2216%22%2C%22isXClose%22%3Afalse%2C%22x_object_id%22%3A964827878361%7D&
947822085640,老钱风棉麻短袖polo衫男款夏季轻薄透气衬衣苎麻t恤美式复古半袖,,,,https://item.taobao.com/item.htm?id=947822085640&xxc=home_recommend&scm=1007.40986.467924.0&pvid=279bbba5-1921-459a-9299-21067c302509&skuId=5855712308879&mi_id=0000ZmvHBTUCWVqSvrf5DGiPbeZujsYWUtQf8wg1fmK7-tA&utparam=%7B%22item_ctr%22%3A0.13057368993759155%2C%22x_object_type%22%3A%22item%22%2C%22matchType%22%3A%22nann_base%22%2C%22item_price%22%3A%2229.1%22%2C%22item_cvr%22%3A0.0030278838239610195%2C%22umpCalled%22%3Atrue%2C%22pc_ctr%22%3A0.0281219482421875%2C%22pc_scene%22%3A%2220001%22%2C%22userId%22%3A12808293%2C%22ab_info%22%3A%2230986%23467924%230_30986%23528214%2358507_30986%23527807%2358418_30986%23537217%2360408_30986%23521582%2357267_30986%23526067%2358189_30986%23533297%2359487_30986%23528944%2357910_30986%23530923%2359037_30986%23532805%2359017_30986%23528109%2358485_30986%23545019%2362063_30986%23537488%2360469_30986%23546628%2362403_30986%23537987%2360586_30986%23547837%2362654_30986%23538037%2360595%22%2C%22tpp_buckets%22%3A%2230986%23467924%230_30986%23528214%2358507_30986%23527807%2358418_30986%23537217%2360408_30986%23521582%2357267_30986%23526067%2358189_30986%23533297%2359487_30986%23528944%2357910_30986%23530923%2359037_30986%23532805%2359017_30986%23528109%2358485_30986%23545019%2362063_30986%23537488%2360469_30986%23546628%2362403_30986%23537987%2360586_30986%23547837%2362654_30986%23538037%2360595%22%2C%22aplus_abtest%22%3A%22d1683a24f21467e20f4d99de725eadb8%22%2C%22isLogin%22%3Atrue%2C%22abid%22%3A%22528214_527807_537217_521582_526067_533297_528944_530923_532805_528109_545019_537488_546628_537987_547837_538037%22%2C%22pc_pvid%22%3A%22279bbba5-1921-459a-9299-21067c302509%22%2C%22isWeekLogin%22%3Afalse%2C%22pc_alg_score%22%3A0.0931883284306%2C%22rn%22%3A21%2C%22item_ecpm%22%3A0%2C%22ump_price%22%3A%2229.1%22%2C%22isXClose%22%3Afalse%2C%22x_object_id%22%3A947822085640%7D&
566415655997,迪卡侬眼镜男高清户外专用攀岩,,,,https://item.taobao.com/item.htm?id=566415655997&xxc=home_recommend&scm=1007.40986.467924.0&pvid=279bbba5-1921-459a-9299-21067c302509&skuId=3594046232164&mi_id=0000l1vu-N9LjA1O_6NZtw0H2ExRMHyxzIF-xUYsP-S7020&utparam=%7B%22item_ctr%22%3A0.042417943477630615%2C%22x_object_type%22%3A%22item%22%2C%22matchType%22%3A%22nann_base%22%2C%22item_price%22%3A%22149.9%22%2C%22item_cvr%22%3A0.000057364781241631135%2C%22umpCalled%22%3Atrue%2C%22pc_ctr%22%3A0.030819624662399292%2C%22pc_scene%22%3A%2220001%22%2C%22userId%22%3A12808293%2C%22ab_info%22%3A%2230986%23467924%230_30986%23528214%2358507_30986%23527807%2358418_30986%23537217%2360408_30986%23521582%2357267_30986%23526067%2358189_30986%23533297%2359487_30986%23528944%2357910_30986%23530923%2359037_30986%23532805%2359017_30986%23528109%2358485_30986%23545019%2362063_30986%23537488%2360469_30986%23546628%2362403_30986%23537987%2360586_30986%23547837%2362654_30986%23538037%2360595%22%2C%22tpp_buckets%22%3A%2230986%23467924%230_30986%23528214%2358507_30986%23527807%2358418_30986%23537217%2360408_30986%23521582%2357267_30986%23526067%2358189_30986%23533297%2359487_30986%23528944%2357910_30986%23530923%2359037_30986%23532805%2359017_30986%23528109%2358485_30986%23545019%2362063_30986%23537488%2360469_30986%23546628%2362403_30986%23537987%2360586_30986%23547837%2362654_30986%23538037%2360595%22%2C%22aplus_abtest%22%3A%229dad15cf187f024a041fcb8b51264cb7%22%2C%22isLogin%22%3Atrue%2C%22abid%22%3A%22528214_527807_537217_521582_526067_533297_528944_530923_532805_528109_545019_537488_546628_537987_547837_538037%22%2C%22pc_pvid%22%3A%22279bbba5-1921-459a-9299-21067c302509%22%2C%22isWeekLogin%22%3Afalse%2C%22pc_alg_score%22%3A0.092594923721279%2C%22rn%22%3A23%2C%22item_ecpm%22%3A0%2C%22ump_price%22%3A%22149.9%22%2C%22isXClose%22%3Afalse%2C%22x_object_id%22%3A566415655997%7D&
730026362654,高洲100ml白酒56度纯粮食酒,,,,https://item.taobao.com/item.htm?id=730026362654&xxc=home_recommend&scm=1007.40986.467924.0&pvid=279bbba5-1921-459a-9299-21067c302509&skuId=5827885875648&mi_id=00003oh3kIWhBqn6fTDgEfm81wnjY9i1Z6JN4BpPBZT2kBo&utparam=%7B%22item_ctr%22%3A0.08377376198768616%2C%22x_object_type%22%3A%22item%22%2C%22matchType%22%3A%22dm_pvlist_odl%22%2C%22item_price%22%3A%2214.9%22%2C%22item_cvr%22%3A0.018582167103886604%2C%22umpCalled%22%3Atrue%2C%22pc_ctr%22%3A0.016597479581832886%2C%22pc_scene%22%3A%2220001%22%2C%22userId%22%3A12808293%2C%22ab_info%22%3A%2230986%23467924%230_30986%23528214%2358507_30986%23527807%2358418_30986%23537217%2360408_30986%23521582%2357267_30986%23526067%2358189_30986%23533297%2359487_30986%23528944%2357910_30986%23530923%2359037_30986%23532805%2359017_30986%23528109%2358485_30986%23545019%2362063_30986%23537488%2360469_30986%23546628%2362403_30986%23537987%2360586_30986%23547837%2362654_30986%23538037%2360595%22%2C%22tpp_buckets%22%3A%2230986%23467924%230_30986%23528214%2358507_30986%23527807%2358418_30986%23537217%2360408_30986%23521582%2357267_30986%23526067%2358189_30986%23533297%2359487_30986%23528944%2357910_30986%23530923%2359037_30986%23532805%2359017_30986%23528109%2358485_30986%23545019%2362063_30986%23537488%2360469_30986%23546628%2362403_30986%23537987%2360586_30986%23547837%2362654_30986%23538037%2360595%22%2C%22aplus_abtest%22%3A%22dd7b86039ad01e1b44878ab5b2648ee4%22%2C%22isLogin%22%3Atrue%2C%22abid%22%3A%22528214_527807_537217_521582_526067_533297_528944_530923_532805_528109_545019_537488_546628_537987_547837_538037%22%2C%22pc_pvid%22%3A%22279bbba5-1921-459a-9299-21067c302509%22%2C%22isWeekLogin%22%3Afalse%2C%22pc_alg_score%22%3A0.0915448051%2C%22rn%22%3A24%2C%22item_ecpm%22%3A0%2C%22ump_price%22%3A%2214.9%22%2C%22isXClose%22%3Afalse%2C%22x_object_id%22%3A730026362654%7D&
